first_name,last_name,email,address,phone
Amanda,Gilbert,agilbert0@myspace.com,770 International Junction,7-(889)157-5363
Jonathan,Mendoza,jmendoza1@ucla.edu,0 Lotheville Pass,86-(709)987-2776
Joseph,Lawson,jlawson2@europa.eu,453 Grasskamp Court,48-(422)149-6387
Betty,Boyd,bboyd3@php.net,1 Summer Ridge Drive,62-(258)981-8989
Wanda,Kennedy,wkennedy4@cnet.com,1 Brentwood Terrace,86-(135)493-3155
Steve,Reid,sreid5@ucoz.ru,47885 Mcguire Street,55-(966)644-6927
Marie,Franklin,mfranklin6@smugmug.com,1109 Heath Avenue,355-(497)554-9397
Johnny,Frazier,jfrazier7@cocolog-nifty.com,1261 Carberry Plaza,33-(373)511-0990
Jimmy,Gutierrez,jgutierrez8@lulu.com,71 Judy Court,1-(932)337-7586
Diane,Ramos,dramos9@delicious.com,51413 Alpine Avenue,7-(167)162-1674
Ernest,Powell,epowella@ucsd.edu,48023 Schlimgen Crossing,7-(934)689-6777
Helen,Stevens,hstevensb@gov.uk,11420 Lighthouse Bay Road,351-(112)605-9670
Annie,Evans,aevansc@linkedin.com,524 Old Gate Hill,63-(209)629-5900
Joan,Tucker,jtuckerd@hc360.com,1052 Shopko Crossing,62-(784)226-0674
Albert,Williams,awilliamse@prnewswire.com,133 Maple Wood Drive,960-(213)547-2623
Jonathan,Phillips,jphillipsf@nasa.gov,26 Nelson Road,46-(327)721-0052
Susan,Carroll,scarrollg@dion.ne.jp,68 Anderson Hill,265-(724)306-5593
Diane,Diaz,ddiazh@smh.com.au,89 Loftsgordon Trail,86-(454)768-0953
Ronald,Sanchez,rsanchezi@facebook.com,9 7th Circle,86-(601)321-8772
Stephen,Johnston,sjohnstonj@tiny.cc,99528 Little Fleur Point,86-(821)945-2984
Diana,Coleman,dcolemank@netvibes.com,3 Lawn Crossing,33-(153)938-2585
Bruce,Murphy,bmurphyl@edublogs.org,505 Morning Road,86-(503)841-5493
Wayne,Henderson,whendersonm@uol.com.br,4 Village Green Circle,30-(620)540-2000
Steven,Morrison,smorrisonn@last.fm,60 Gateway Place,63-(738)577-8121
Amy,Wheeler,awheelero@free.fr,35 Summer Ridge Drive,242-(480)116-5131
Stephen,Willis,swillisp@discuz.net,9 Declaration Court,27-(156)961-8122
Christopher,Mendoza,cmendozaq@gmpg.org,28 Hallows Way,20-(491)368-0014
Eugene,Diaz,ediazr@si.edu,41965 Elgar Avenue,351-(620)602-0334
Roger,Howell,rhowells@taobao.com,211 Dixon Hill,62-(347)582-5038
Julie,Sanchez,jsanchezt@simplemachines.org,9048 Sullivan Lane,1-(562)784-7873
Howard,Carroll,hcarrollu@slate.com,0 Goodland Crossing,880-(868)921-4855
Bruce,Simpson,bsimpsonv@marriott.com,7760 Canary Lane,1-(607)681-1898
Thomas,Martin,tmartinw@go.com,18 Sundown Court,258-(262)431-6678
Howard,Hall,hhallx@accuweather.com,53035 Moland Road,86-(498)417-6194
Eric,Harvey,eharveyy@fotki.com,6261 Warner Place,33-(571)969-9111
Patricia,Ward,pwardz@vistaprint.com,0 Lerdahl Avenue,86-(238)788-5606
Gregory,Walker,gwalker10@themeforest.net,6 Laurel Point,60-(592)239-9012
Ernest,Reynolds,ereynolds11@usnews.com,36 Emmet Alley,86-(964)458-9170
Cheryl,Griffin,cgriffin12@cbslocal.com,0221 Jenna Drive,420-(162)890-7172
Anne,Nguyen,anguyen13@vk.com,69 2nd Lane,46-(848)160-7834
Earl,Coleman,ecoleman14@wix.com,4 Shopko Terrace,218-(826)397-4375
Richard,Mendoza,rmendoza15@wordpress.org,317 Raven Place,86-(928)230-9224
Robert,White,rwhite16@theatlantic.com,1 8th Way,62-(829)938-9111
Betty,Thomas,bthomas17@t-online.de,59300 Bartillon Park,86-(102)518-3776
Michelle,Ortiz,mortiz18@salon.com,8 Lakewood Junction,52-(964)749-2295
Stephen,Brooks,sbrooks19@chronoengine.com,042 Green Ridge Street,62-(825)902-8023
Howard,Ruiz,hruiz1a@census.gov,3 Rowland Plaza,63-(851)269-8373
Lois,Warren,lwarren1b@homestead.com,4 Loeprich Park,33-(487)533-2188
Betty,Cooper,bcooper1c@stumbleupon.com,3920 Clarendon Parkway,54-(455)275-1100
Irene,Cole,icole1d@tamu.edu,44 Spaight Street,960-(710)558-4029
Henry,Flores,hflores1e@europa.eu,4 Graceland Center,86-(693)836-9325
Ruby,Cole,rcole1f@admin.ch,35182 Cascade Court,86-(703)635-8461
Joan,Sanchez,jsanchez1g@google.nl,513 Farragut Center,30-(141)674-5866
Bobby,Mitchell,bmitchell1h@fastcompany.com,423 Merry Pass,380-(602)392-6996
William,Murray,wmurray1i@jalbum.net,25 Lien Court,63-(656)441-6295
Jesse,Lewis,jlewis1j@comsenz.com,02260 Meadow Vale Court,242-(603)249-4273
Joshua,Harvey,jharvey1k@e-recht24.de,544 Upham Park,63-(736)432-3776
Evelyn,Mcdonald,emcdonald1l@google.pl,467 Clyde Gallagher Way,33-(649)207-6504
Anthony,Riley,ariley1m@un.org,703 Northport Road,86-(201)660-6597
Charles,Sims,csims1n@4shared.com,6325 Scott Avenue,351-(619)591-3103
Kelly,Fields,kfields1o@example.com,40330 Maywood Alley,216-(890)997-7703
Jesse,Powell,jpowell1p@ihg.com,23 Granby Crossing,86-(384)752-3760
Shawn,Matthews,smatthews1q@google.com.br,52 Kim Street,86-(479)602-5842
Amy,Rodriguez,arodriguez1r@ucoz.com,4839 Granby Hill,268-(976)290-5502
Betty,Oliver,boliver1s@networksolutions.com,23016 Shasta Way,7-(691)316-5640
George,Howard,ghoward1t@hhs.gov,13156 Village Court,86-(352)577-8556
Margaret,Allen,mallen1u@columbia.edu,7663 Sunfield Hill,48-(617)271-3946
Charles,Armstrong,carmstrong1v@technorati.com,65399 Mosinee Terrace,33-(234)225-3829
Joyce,Bowman,jbowman1w@pcworld.com,23851 Delaware Circle,62-(694)361-1380
Anthony,Owens,aowens1x@slashdot.org,31097 Longview Avenue,66-(540)567-2548
Denise,Shaw,dshaw1y@pcworld.com,017 Straubel Park,7-(644)514-7122
Carolyn,Cox,ccox1z@census.gov,946 Drewry Park,48-(555)219-4958
Diane,Long,dlong20@boston.com,12710 4th Junction,27-(705)102-1701
Robert,Gray,rgray21@umn.edu,0663 Birchwood Place,46-(251)823-6672
Paul,Alvarez,palvarez22@mashable.com,92534 Ridgeview Terrace,93-(451)185-1547
David,Hernandez,dhernandez23@cdbaby.com,464 Bluestem Place,54-(450)856-3766
Patricia,Edwards,pedwards24@cbslocal.com,2 Westend Road,62-(297)963-5715
Larry,Armstrong,larmstrong25@reference.com,554 East Way,62-(546)989-7544
Theresa,Carter,tcarter26@quantcast.com,51 Morningstar Junction,57-(207)762-8533
Walter,Anderson,wanderson27@about.me,1 Ridge Oak Circle,63-(403)833-1091
Paula,Reynolds,preynolds28@home.pl,02 Del Sol Drive,81-(438)773-0522
Janice,Long,jlong29@oaic.gov.au,5191 Bunker Hill Terrace,86-(323)844-0270
Lois,Turner,lturner2a@elegantthemes.com,5810 Stephen Way,998-(632)156-3223
Alice,Martinez,amartinez2b@si.edu,17495 Melvin Trail,86-(591)195-7942
Sara,Stephens,sstephens2c@samsung.com,759 Esker Alley,62-(941)504-0563
Anthony,Weaver,aweaver2d@reference.com,0130 Gerald Hill,51-(693)354-2577
Julie,Spencer,jspencer2e@lulu.com,066 Basil Center,46-(214)601-7249
Heather,Ray,hray2f@scientificamerican.com,130 Bunker Hill Point,52-(880)826-3731
Ernest,Freeman,efreeman2g@google.cn,82 Fair Oaks Crossing,86-(442)658-3465
Eric,Payne,epayne2h@latimes.com,0131 Reindahl Terrace,420-(610)617-6709
Sharon,Kim,skim2i@adobe.com,12 Moose Point,55-(662)441-6725
Timothy,Ramirez,tramirez2j@about.me,48573 Trailsway Circle,380-(138)141-5948
Ruby,Stewart,rstewart2k@booking.com,94685 Northview Crossing,86-(793)985-4168
Tammy,Hernandez,thernandez2l@apache.org,844 Bartelt Terrace,994-(566)873-1077
Harry,Simpson,hsimpson2m@linkedin.com,2 Thackeray Trail,34-(395)203-0541
Marilyn,Kelley,mkelley2n@pcworld.com,29 Maple Wood Park,48-(240)770-6398
Cynthia,Rose,crose2o@msn.com,79 Porter Terrace,1-(972)977-5225
Carl,Olson,colson2p@irs.gov,4955 Dorton Circle,268-(306)300-7922
Beverly,Grant,bgrant2q@angelfire.com,61249 Morrow Pass,216-(797)682-2622
Terry,Kennedy,tkennedy2r@360.cn,18 Buell Junction,62-(375)150-2186
Richard,Frazier,rfrazier2s@ftc.gov,36172 Ryan Avenue,81-(943)791-3163
George,Wheeler,gwheeler2t@gravatar.com,9282 Eliot Park,242-(126)147-5899
Ann,Fernandez,afernandez2u@redcross.org,60 Thompson Court,7-(794)815-6198
John,Young,jyoung2v@eepurl.com,16898 Waxwing Point,33-(705)200-9629
Angela,Lewis,alewis2w@rakuten.co.jp,1418 Comanche Street,86-(377)552-1603
Willie,Fisher,wfisher2x@squidoo.com,1 Bashford Alley,86-(485)894-9941
Wayne,Miller,wmiller2y@blinklist.com,55608 Maryland Center,86-(825)638-5113
Alice,White,awhite2z@hatena.ne.jp,2 Haas Hill,62-(246)881-6824
Joseph,Barnes,jbarnes30@google.it,7173 Lyons Alley,30-(350)955-4062
Charles,Grant,cgrant31@gnu.org,4772 Laurel Point,227-(278)258-3603
Clarence,Cunningham,ccunningham32@arizona.edu,604 Northport Pass,62-(786)166-9913
Ralph,West,rwest33@constantcontact.com,37 Anniversary Crossing,351-(339)396-9961
Theresa,Howell,thowell34@imageshack.us,6 Dapin Alley,504-(686)378-9703
Douglas,Hayes,dhayes35@yahoo.com,06 Menomonie Pass,7-(326)998-4949
Joan,Collins,jcollins36@360.cn,7186 Sage Court,242-(158)340-6264
Billy,Morales,bmorales37@sourceforge.net,77 Reindahl Trail,33-(623)797-1333
Roger,Wallace,rwallace38@discovery.com,8 Mariners Cove Circle,94-(983)918-6448
George,Day,gday39@miibeian.gov.cn,10961 Coolidge Plaza,86-(876)830-2629
Ralph,Fernandez,rfernandez3a@wired.com,079 American Ash Court,972-(671)308-9258
Terry,Bishop,tbishop3b@mashable.com,245 Columbus Avenue,63-(212)838-2082
Rachel,Richards,rrichards3c@tmall.com,86849 Sloan Place,880-(590)958-2398
George,Baker,gbaker3d@lulu.com,5 Almo Junction,381-(939)565-4600
Terry,Murray,tmurray3e@netlog.com,5182 Clemons Plaza,48-(941)429-4477
Lillian,Hunt,lhunt3f@marriott.com,29 Melody Hill,86-(970)453-9279
Susan,Garrett,sgarrett3g@chronoengine.com,013 Elgar Crossing,977-(494)434-9351
Theresa,Mendoza,tmendoza3h@mail.ru,75 Sommers Circle,86-(779)110-8285
Raymond,Collins,rcollins3i@wufoo.com,652 Northview Crossing,98-(378)364-9121
Fred,Black,fblack3j@ow.ly,0872 Dryden Point,504-(785)700-7115
Cynthia,Carroll,ccarroll3k@uiuc.edu,0511 Forest Alley,48-(154)652-7632
Roy,Brown,rbrown3l@bloglovin.com,7794 Pankratz Park,386-(826)178-4125
Christina,Chavez,cchavez3m@tinyurl.com,22 Troy Parkway,359-(973)213-5852
Clarence,Sullivan,csullivan3n@wunderground.com,27413 Harbort Trail,387-(197)801-2004
Raymond,Alvarez,ralvarez3o@yellowpages.com,8887 Susan Circle,62-(568)117-6297
Stephanie,Dixon,sdixon3p@storify.com,2959 Dawn Circle,852-(424)857-6410
Jack,Bowman,jbowman3q@mail.ru,443 Packers Way,7-(243)333-3947
Keith,Holmes,kholmes3r@xinhuanet.com,377 Delladonna Road,62-(100)437-0636
Benjamin,Martin,bmartin3s@yolasite.com,6 Cordelia Court,47-(247)968-6095
Pamela,Marshall,pmarshall3t@bloglovin.com,0998 Green Plaza,62-(721)519-7292
Joshua,Powell,jpowell3u@deliciousdays.com,61139 Clove Parkway,51-(384)128-9877
Jane,Gutierrez,jgutierrez3v@ebay.com,978 Kedzie Park,62-(766)587-3710
Judy,Hernandez,jhernandez3w@ebay.co.uk,3747 Charing Cross Terrace,62-(810)908-3253
Donna,Walker,dwalker3x@microsoft.com,43772 Norway Maple Point,234-(772)814-5891
John,Scott,jscott3y@imageshack.us,70759 Vermont Way,81-(501)778-1056
Gregory,Ford,gford3z@clickbank.net,7508 Declaration Avenue,380-(856)920-4129
Andrew,Duncan,aduncan40@fc2.com,08 Messerschmidt Center,86-(100)276-3458
Jimmy,White,jwhite41@cisco.com,9015 Jana Way,230-(889)169-7889
Gloria,Adams,gadams42@webs.com,0 Merry Alley,509-(740)573-4037
Jose,Jackson,jjackson43@flickr.com,09571 Ramsey Court,374-(582)407-8773
Russell,Ford,rford44@netscape.com,5170 Pankratz Crossing,372-(152)987-8537
Kenneth,Knight,kknight45@prlog.org,61 Texas Lane,62-(937)373-2558
James,Garcia,jgarcia46@1und1.de,1 Coolidge Junction,93-(267)209-8046
Frances,Mitchell,fmitchell47@nba.com,432 International Way,57-(836)637-6330
Henry,Clark,hclark48@jalbum.net,8800 Lotheville Parkway,964-(527)879-0123
Todd,Welch,twelch49@zdnet.com,8 Raven Way,48-(492)532-9662
Raymond,Armstrong,rarmstrong4a@netvibes.com,0 Dennis Terrace,86-(532)183-1297
Tammy,Holmes,tholmes4b@geocities.com,3660 Iowa Hill,63-(713)877-3653
Billy,Reynolds,breynolds4c@lulu.com,1858 Toban Court,62-(962)541-3489
Paul,Nelson,pnelson4d@phoca.cz,3270 Gulseth Pass,30-(726)728-2003
Adam,Bishop,abishop4e@a8.net,4051 Clyde Gallagher Plaza,62-(468)877-6139
Joan,Chapman,jchapman4f@t-online.de,07765 Alpine Avenue,54-(365)633-2003
Patricia,Garcia,pgarcia4g@examiner.com,717 Commercial Place,63-(991)258-0389
Joe,Perkins,jperkins4h@paginegialle.it,53205 Westerfield Crossing,46-(573)906-8004
Philip,Thompson,pthompson4i@fastcompany.com,8809 8th Pass,1-(545)870-9217
Anne,Griffin,agriffin4j@yahoo.com,95853 Barnett Point,380-(514)374-1716
Steven,James,sjames4k@purevolume.com,83625 Crest Line Terrace,81-(380)659-7495
Robin,Hansen,rhansen4l@yale.edu,7757 Oak Valley Junction,31-(118)330-2690
Mark,Adams,madams4m@trellian.com,7865 Spenser Court,55-(332)882-3808
Carlos,Dean,cdean4n@upenn.edu,187 Rieder Center,86-(934)764-5414
Patricia,Brown,pbrown4o@hc360.com,3070 Porter Road,55-(537)657-5650
Paul,Fuller,pfuller4p@360.cn,659 Fallview Avenue,7-(883)574-3644
Steve,Murray,smurray4q@dot.gov,52944 Hazelcrest Point,86-(393)561-0910
Harry,Murray,hmurray4r@nymag.com,83 Butternut Avenue,86-(616)773-5058
Kevin,Moreno,kmoreno4s@sogou.com,34896 Di Loreto Point,52-(453)564-7168
Justin,Gutierrez,jgutierrez4t@umich.edu,7399 Veith Pass,420-(278)171-5575
Shawn,James,sjames4u@myspace.com,642 Sunnyside Terrace,86-(438)775-6566
Annie,Morgan,amorgan4v@clickbank.net,9 Corry Plaza,63-(338)319-8414
Kelly,Hunter,khunter4w@npr.org,30081 Jackson Alley,291-(598)139-3945
Edward,Scott,escott4x@fc2.com,11 Westridge Park,351-(290)625-6376
Johnny,Mills,jmills4y@arstechnica.com,64120 Mcguire Avenue,86-(395)191-5341
Norma,Castillo,ncastillo4z@springer.com,7877 Kingsford Circle,234-(627)611-4370
Kelly,Lynch,klynch50@vinaora.com,6 Continental Plaza,84-(439)102-1376
Anthony,Hart,ahart51@google.ca,376 Stoughton Street,86-(127)604-8920
Eric,Kelly,ekelly52@twitpic.com,6624 Cambridge Road,255-(856)473-6782
Betty,James,bjames53@si.edu,21923 Fordem Parkway,86-(633)831-6839
Brenda,Howell,bhowell54@tumblr.com,40149 Lotheville Alley,46-(128)259-8432
Bonnie,Harvey,bharvey55@aol.com,938 Anthes Place,386-(867)201-6232
Harold,Robertson,hrobertson56@discuz.net,0 Mcbride Crossing,62-(360)706-8878
Thomas,Stephens,tstephens57@sbwire.com,5 Meadow Vale Center,7-(389)259-2440
Cynthia,Coleman,ccoleman58@opensource.org,60919 Pleasure Trail,351-(286)580-2299
Frank,Watkins,fwatkins59@hao123.com,1 Portage Plaza,1-(561)889-6958
Annie,Peterson,apeterson5a@google.ru,850 Straubel Junction,234-(458)324-1464
Willie,Armstrong,warmstrong5b@ehow.com,4 3rd Junction,48-(211)805-7844
Mary,Sanders,msanders5c@yellowbook.com,0 Hollow Ridge Alley,86-(617)998-4424
Alan,Kelley,akelley5d@sogou.com,64 1st Drive,62-(253)644-4811
Antonio,Ray,aray5e@sakura.ne.jp,236 Sugar Street,86-(873)603-4865
Arthur,Reid,areid5f@list-manage.com,50 6th Crossing,507-(252)934-9948
Jessica,Arnold,jarnold5g@qq.com,68 Surrey Point,53-(329)190-9486
Bobby,Stevens,bstevens5h@cafepress.com,6793 Rusk Trail,230-(629)889-5634
Wanda,Lopez,wlopez5i@goo.ne.jp,729 Eastwood Place,48-(741)734-3169
Willie,Watkins,wwatkins5j@google.com.au,42 Old Gate Crossing,994-(487)356-5047
Gerald,Lawrence,glawrence5k@trellian.com,64009 Morning Point,48-(115)906-2524
Mark,Fisher,mfisher5l@ihg.com,77 Blaine Avenue,380-(965)886-5505
Randy,Boyd,rboyd5m@skyrock.com,8 Cordelia Court,86-(995)149-5786
Karen,Chavez,kchavez5n@google.com.br,03 Hovde Plaza,504-(549)512-3625
Julia,West,jwest5o@imageshack.us,46934 Myrtle Way,66-(256)982-3120
Ann,Lee,alee5p@ucoz.ru,84 Victoria Court,20-(899)557-1585
Richard,Wright,rwright5q@webeden.co.uk,14 Summer Ridge Place,260-(169)655-1120
Irene,Taylor,itaylor5r@shop-pro.jp,6 Lakeland Circle,86-(705)763-5369
Robin,Miller,rmiller5s@homestead.com,6 Sullivan Alley,62-(292)256-9372
Carl,Sims,csims5t@g.co,2382 Fieldstone Place,92-(456)300-1724
Roger,Black,rblack5u@simplemachines.org,011 Clyde Gallagher Lane,351-(956)382-1934
Heather,Barnes,hbarnes5v@imgur.com,3034 Dawn Road,46-(447)329-6978
Craig,Long,clong5w@upenn.edu,5 Mayfield Pass,358-(720)311-0253
Jennifer,James,jjames5x@instagram.com,69188 Browning Place,94-(291)269-9439
William,Meyer,wmeyer5y@dailymail.co.uk,89 Ohio Plaza,41-(808)179-2592
Martin,Price,mprice5z@bigcartel.com,0 Butternut Crossing,46-(755)660-3127
Eugene,Nelson,enelson60@amazon.com,84 Jana Pass,7-(889)614-1801
Betty,Thomas,bthomas61@dailymail.co.uk,2191 Holy Cross Alley,46-(745)465-4127
Andrea,Fernandez,afernandez62@typepad.com,1 Crescent Oaks Pass,86-(765)910-3269
Ann,Miller,amiller63@aboutads.info,294 Fair Oaks Park,993-(406)101-6110
Evelyn,Patterson,epatterson64@netvibes.com,83628 Sutteridge Alley,54-(626)552-3080
Anne,Young,ayoung65@vistaprint.com,8408 1st Hill,98-(751)490-3274
Christina,Arnold,carnold66@google.fr,9 Farwell Park,98-(831)687-6851
Earl,Patterson,epatterson67@rambler.ru,8 Melody Junction,62-(700)934-1529
Lawrence,Hall,lhall68@artisteer.com,43961 Vidon Road,255-(159)494-0870
Bonnie,Walker,bwalker69@baidu.com,54643 Elka Road,963-(476)953-6969
Adam,Gardner,agardner6a@nydailynews.com,80846 Lake View Point,351-(478)953-7516
Chris,Foster,cfoster6b@washington.edu,1704 Mayfield Center,33-(805)435-6714
Louise,Palmer,lpalmer6c@webnode.com,46648 Johnson Park,33-(251)447-5611
James,Foster,jfoster6d@java.com,12 Jenna Junction,46-(210)295-9687
Pamela,Gilbert,pgilbert6e@upenn.edu,2 Esker Lane,86-(503)732-2102
Kathy,Pierce,kpierce6f@quantcast.com,6264 Corben Drive,54-(405)472-5040
Sara,Ramos,sramos6g@washington.edu,3698 Nobel Park,52-(622)585-3533
Wayne,Berry,wberry6h@cocolog-nifty.com,96 Coleman Circle,7-(777)784-7190
Douglas,Olson,dolson6i@constantcontact.com,6 Elka Drive,358-(381)206-1510
Lois,Perkins,lperkins6j@marketwatch.com,385 Continental Alley,7-(768)882-4272
Dennis,Matthews,dmatthews6k@cdc.gov,55 Arizona Pass,54-(997)986-4139
Larry,Mcdonald,lmcdonald6l@ow.ly,72768 Magdeline Plaza,880-(803)767-8974
Lori,Stephens,lstephens6m@photobucket.com,8 Schurz Parkway,976-(477)235-5396
Evelyn,Long,elong6n@imgur.com,52046 Acker Crossing,86-(539)845-3741
Judy,Oliver,joliver6o@tinyurl.com,78 Kennedy Crossing,33-(719)441-7003
Ryan,Harris,rharris6p@elpais.com,06 Stone Corner Place,30-(739)372-8402
Nancy,Moreno,nmoreno6q@cam.ac.uk,6080 Valley Edge Avenue,63-(615)425-0264
Paula,Hall,phall6r@miibeian.gov.cn,4781 Dayton Pass,375-(927)619-2253
Catherine,Payne,cpayne6s@4shared.com,2 Forest Plaza,63-(290)990-3769
Ryan,Morris,rmorris6t@ca.gov,734 Holmberg Drive,1-(704)757-9961
Christina,Ellis,cellis6u@gmpg.org,91594 Randy Road,62-(753)688-7162
Randy,Warren,rwarren6v@meetup.com,67 Service Circle,254-(519)165-6067
Gary,Berry,gberry6w@bing.com,4823 Homewood Plaza,62-(165)514-9294
Jack,Flores,jflores6x@columbia.edu,0379 Russell Avenue,62-(661)194-0735
Ashley,Sullivan,asullivan6y@nsw.gov.au,1628 Pond Parkway,86-(699)155-0561
Norma,Gonzalez,ngonzalez6z@google.es,22141 Forest Dale Plaza,86-(532)862-9364
Thomas,Oliver,toliver70@geocities.jp,095 Fremont Pass,1-(759)326-3475
Martha,Wheeler,mwheeler71@pagesperso-orange.fr,6742 Debra Place,62-(342)136-0640
Thomas,Turner,tturner72@creativecommons.org,7 Mallory Street,256-(175)618-9206
Mark,Brooks,mbrooks73@amazon.de,76 Anhalt Street,86-(557)629-7596
Sara,Franklin,sfranklin74@blogs.com,5 Dunning Park,216-(926)187-6660
Steve,Hamilton,shamilton75@yelp.com,87 Talmadge Junction,46-(658)385-2083
Elizabeth,James,ejames76@google.ca,07571 Maple Point,856-(226)460-1610
Debra,Henry,dhenry77@imdb.com,08 Dovetail Place,7-(144)500-7651
Chris,Lane,clane78@nsw.gov.au,519 Hoepker Park,31-(135)794-5693
Karen,Ford,kford79@hud.gov,93277 Hudson Drive,66-(178)932-8971
Ruth,Washington,rwashington7a@mtv.com,14415 Hayes Way,33-(590)890-4084
Scott,Hamilton,shamilton7b@narod.ru,11862 Killdeer Way,86-(851)877-2686
Amanda,Howard,ahoward7c@qq.com,795 Memorial Parkway,52-(932)519-2544
Ruby,Spencer,rspencer7d@shop-pro.jp,5614 Grover Hill,7-(667)538-6618
Peter,Berry,pberry7e@taobao.com,70 Eastlawn Court,258-(238)933-7830
Antonio,Morrison,amorrison7f@multiply.com,5 Trailsway Road,54-(811)899-3924
Mary,Allen,mallen7g@state.gov,82230 Spenser Place,48-(561)965-8824
Charles,Gonzalez,cgonzalez7h@zdnet.com,2 Mitchell Circle,33-(609)869-3880
Marilyn,Medina,mmedina7i@soundcloud.com,5 Prentice Terrace,1-(941)888-4231
Stephen,Richardson,srichardson7j@cnet.com,0 Artisan Point,86-(551)298-7424
Bobby,Scott,bscott7k@t.co,66 Kedzie Street,60-(561)202-9107
Jane,Day,jday7l@hubpages.com,37 Butterfield Drive,502-(409)384-9871
Kelly,Henderson,khenderson7m@pagesperso-orange.fr,6562 Glacier Hill Junction,55-(361)118-6682
Eugene,Ray,eray7n@oaic.gov.au,52305 Thierer Trail,63-(855)506-8132
Roger,Ortiz,rortiz7o@illinois.edu,27 Arrowood Crossing,63-(483)923-2752
Sharon,Gordon,sgordon7p@topsy.com,6512 Holy Cross Way,1-(697)263-6454
Mary,Perry,mperry7q@github.io,5 Vermont Center,33-(109)284-9706
Gloria,Long,glong7r@discovery.com,4 Lukken Center,55-(476)988-9959
Andrew,Hernandez,ahernandez7s@webs.com,0 Briar Crest Junction,353-(824)135-8996
Anna,Wells,awells7t@indiatimes.com,324 Macpherson Park,86-(579)719-8697
Carlos,Ward,cward7u@hibu.com,6 Old Shore Lane,1-(203)279-4681
Ernest,Alexander,ealexander7v@ftc.gov,9 Donald Street,351-(714)177-6198
Janet,Hughes,jhughes7w@vistaprint.com,7292 Straubel Lane,66-(661)535-9368
Kathleen,Holmes,kholmes7x@histats.com,4050 Forest Dale Alley,55-(783)760-8867
Jose,Flores,jflores7y@photobucket.com,81 Esch Junction,380-(138)490-9894
Doris,Sullivan,dsullivan7z@bbc.co.uk,1955 Clarendon Center,27-(996)896-1610
Robin,Mendoza,rmendoza80@twitter.com,541 Roth Court,54-(600)831-0895
Elizabeth,Romero,eromero81@wordpress.org,73 Raven Way,506-(655)520-0372
Jeffrey,Johnston,jjohnston82@google.it,74 Heffernan Circle,86-(155)897-2703
Gregory,Bell,gbell83@berkeley.edu,110 Dovetail Plaza,86-(245)526-1004
Bruce,Burke,bburke84@home.pl,8092 Dorton Terrace,687-(284)528-5342
Susan,Morales,smorales85@google.com.au,258 Spaight Center,54-(147)726-7060
Sharon,Henderson,shenderson86@businessinsider.com,7 Monument Road,51-(277)621-5427
Bonnie,Kennedy,bkennedy87@tripadvisor.com,741 Eastlawn Crossing,30-(296)863-3319
Alice,Nguyen,anguyen88@phoca.cz,7 Lawn Avenue,86-(359)192-7217
Richard,Nelson,rnelson89@tripod.com,13 Roth Avenue,212-(336)782-2991
Susan,Murray,smurray8a@list-manage.com,9553 Hagan Trail,62-(318)114-2335
Julia,Larson,jlarson8b@cbc.ca,7227 Talisman Parkway,86-(673)249-5729
Johnny,Wright,jwright8c@va.gov,25539 Lakewood Point,502-(259)275-4261
Roger,Richards,rrichards8d@yahoo.co.jp,8974 Helena Junction,66-(449)781-1762
Billy,Burton,bburton8e@webeden.co.uk,237 Monica Crossing,86-(675)853-2005
Michael,Parker,mparker8f@wp.com,0151 2nd Street,62-(204)332-4697
Brian,King,bking8g@gmpg.org,242 Oxford Plaza,1-(808)927-4126
Phillip,Jackson,pjackson8h@pagesperso-orange.fr,00 Lukken Point,62-(896)879-5659
Sarah,Berry,sberry8i@archive.org,1 Hanson Point,81-(569)180-8794
Kimberly,Holmes,kholmes8j@cbc.ca,81 Talisman Plaza,62-(854)542-2046
Angela,Grant,agrant8k@wikia.com,36 Glacier Hill Way,86-(102)413-0852
Marie,Fowler,mfowler8l@nymag.com,06 Shasta Place,7-(953)658-5050
Paul,Wallace,pwallace8m@zdnet.com,59 Glacier Hill Road,86-(755)632-4150
Frances,Wood,fwood8n@netscape.com,358 Fieldstone Point,81-(334)231-4737
Joan,Snyder,jsnyder8o@hao123.com,943 Sheridan Terrace,55-(797)826-9142
Justin,Reid,jreid8p@cdbaby.com,85 Rutledge Court,86-(545)696-0949
Amanda,Pierce,apierce8q@unblog.fr,6186 Porter Street,967-(950)221-8994
Jeremy,James,jjames8r@yolasite.com,9229 Oakridge Lane,62-(215)999-3545
Nancy,Smith,nsmith8s@gizmodo.com,12100 Bunker Hill Parkway,84-(730)925-9368
Angela,Johnston,ajohnston8t@tamu.edu,3 Hayes Lane,256-(867)226-3977
Debra,Gray,dgray8u@instagram.com,31089 Emmet Hill,389-(888)341-9971
Shawn,Riley,sriley8v@home.pl,70 Dwight Terrace,1-(590)288-4306
Mary,Walker,mwalker8w@ed.gov,184 Dennis Point,86-(329)836-2176
Christina,Martin,cmartin8x@weather.com,30 Lakewood Parkway,62-(906)859-1865
Anthony,Howard,ahoward8y@ocn.ne.jp,84383 Victoria Road,972-(364)305-9319
George,Jones,gjones8z@census.gov,75285 Novick Point,55-(615)822-8873
Charles,Rogers,crogers90@cmu.edu,8 3rd Hill,357-(695)282-5387
Virginia,Russell,vrussell91@nymag.com,0895 Continental Circle,261-(250)987-9608
Paula,Carter,pcarter92@reuters.com,4 Monument Avenue,235-(555)615-0176
Jack,Anderson,janderson93@adobe.com,0 Artisan Place,62-(439)839-2702
Charles,Alexander,calexander94@mapquest.com,254 Petterle Pass,63-(457)355-3493
Roger,Diaz,rdiaz95@nytimes.com,461 Anhalt Street,63-(336)316-5697
Joshua,Shaw,jshaw96@prlog.org,5 Waywood Lane,234-(458)331-4856
Phillip,Sims,psims97@taobao.com,751 Oneill Alley,355-(350)542-5865
Mary,Adams,madams98@facebook.com,80025 Sutherland Crossing,46-(502)547-8296
Ronald,Snyder,rsnyder99@jiathis.com,693 Buena Vista Way,63-(189)528-5318
Chris,Griffin,cgriffin9a@google.cn,427 Thompson Plaza,66-(835)964-4849
Sharon,Morgan,smorgan9b@google.pl,27527 Hansons Circle,502-(318)643-0308
Melissa,Mason,mmason9c@bloomberg.com,03 Novick Plaza,995-(103)940-4446
Harold,Martin,hmartin9d@networksolutions.com,8086 Eliot Point,63-(191)893-3143
Diane,Ramos,dramos9e@intel.com,7 Algoma Street,62-(375)552-7550
Lisa,Stanley,lstanley9f@walmart.com,21779 Fairview Park,86-(842)534-1724
Annie,Vasquez,avasquez9g@chronoengine.com,7524 Judy Lane,62-(494)730-7312
Anna,Harris,aharris9h@blogs.com,119 Buhler Point,62-(375)364-2108
Jimmy,Hunt,jhunt9i@symantec.com,4 Elka Point,48-(256)580-3385
Marilyn,Cunningham,mcunningham9j@sitemeter.com,53 Del Sol Point,51-(137)764-1602
Joyce,Brown,jbrown9k@buzzfeed.com,2359 Kings Lane,62-(337)957-6603
Janice,Hawkins,jhawkins9l@symantec.com,81743 Hoard Alley,63-(951)628-6937
Katherine,Gray,kgray9m@un.org,326 Springs Drive,86-(813)617-9995
Jonathan,Jackson,jjackson9n@t.co,694 Loeprich Parkway,7-(418)893-8424
Mark,Perkins,mperkins9o@jigsy.com,6359 Ridge Oak Way,255-(744)676-9471
Dennis,Stanley,dstanley9p@marriott.com,90118 Corscot Street,93-(431)884-8232
George,Kim,gkim9q@washingtonpost.com,9 Pond Lane,86-(974)331-2339
Sara,Andrews,sandrews9r@hexun.com,7247 Jana Center,420-(814)967-5350
Steven,Taylor,staylor9s@nydailynews.com,332 Colorado Court,256-(358)141-8710
Jack,Bennett,jbennett9t@php.net,8 Independence Terrace,66-(550)509-3899
Jimmy,Morrison,jmorrison9u@theglobeandmail.com,1 Fordem Crossing,48-(131)163-7886
Annie,Mendoza,amendoza9v@tinyurl.com,42520 Independence Hill,992-(978)173-8170
Steven,Mitchell,smitchell9w@plala.or.jp,30 Laurel Hill,63-(315)235-0280
Gary,Russell,grussell9x@wufoo.com,73 Waubesa Trail,54-(723)319-0448
Harry,Martinez,hmartinez9y@eventbrite.com,9410 Oneill Crossing,86-(153)483-2983
Jane,Franklin,jfranklin9z@uiuc.edu,17 Muir Avenue,86-(791)318-5271
Terry,Wood,twooda0@ted.com,7 Walton Terrace,420-(482)701-8416
Fred,Morris,fmorrisa1@histats.com,09023 Leroy Lane,380-(381)672-3974
Beverly,Jacobs,bjacobsa2@dion.ne.jp,3128 Hayes Alley,86-(508)507-1277
Walter,Jones,wjonesa3@pcworld.com,6 Mifflin Hill,55-(433)491-1449
Philip,Schmidt,pschmidta4@amazon.de,5359 Laurel Junction,387-(947)311-3709
James,Williamson,jwilliamsona5@altervista.org,2057 Nelson Terrace,1-(302)333-7699
Diana,Castillo,dcastilloa6@china.com.cn,36786 Emmet Drive,86-(433)569-6609
Victor,Turner,vturnera7@php.net,6 Charing Cross Drive,254-(219)529-6003
Dennis,Edwards,dedwardsa8@techcrunch.com,930 Knutson Court,86-(631)908-4224
Victor,Carpenter,vcarpentera9@house.gov,41666 Nobel Park,351-(286)632-9542
Nancy,Richards,nrichardsaa@tumblr.com,8 Toban Circle,47-(732)825-5709
Jonathan,Shaw,jshawab@blog.com,9 Sheridan Pass,7-(197)995-4997
Debra,Ramirez,dramirezac@noaa.gov,5183 Lawn Circle,976-(771)931-1563
Norma,James,njamesad@tamu.edu,85958 Melby Street,66-(422)926-5432
Frances,Shaw,fshawae@slate.com,4497 Arizona Road,505-(191)819-7350
Patrick,Mason,pmasonaf@bloglovin.com,20302 Messerschmidt Court,86-(987)606-6085
Stephen,Ross,srossag@theatlantic.com,98 Elka Park,62-(778)701-6258
Bruce,Bradley,bbradleyah@bloomberg.com,4 Laurel Lane,46-(694)360-0013
Gregory,Gomez,ggomezai@ezinearticles.com,35 Walton Avenue,86-(781)434-2119
Clarence,Powell,cpowellaj@meetup.com,742 Ridgeway Park,92-(309)980-7656
Ashley,Vasquez,avasquezak@cpanel.net,919 Florence Point,380-(775)145-5096
Margaret,Cox,mcoxal@ft.com,4 Lotheville Park,64-(551)762-8430
Marilyn,Alexander,malexanderam@washington.edu,9 Manley Center,375-(679)354-0057
Ryan,Hall,rhallan@liveinternet.ru,5 Holmberg Center,27-(755)498-1285
William,Richards,wrichardsao@usa.gov,16426 Marquette Parkway,54-(488)745-3224
Eugene,Carroll,ecarrollap@cnbc.com,2503 Bayside Street,420-(375)774-2162
Anthony,Willis,awillisaq@mozilla.com,78578 Randy Terrace,351-(491)522-3338
Ernest,Myers,emyersar@sohu.com,4697 Lotheville Alley,507-(844)484-7383
Joan,Bell,jbellas@eventbrite.com,78 Waywood Place,351-(505)735-2075
Justin,Edwards,jedwardsat@cam.ac.uk,6997 Park Meadow Trail,48-(418)925-4852
Maria,Stephens,mstephensau@shinystat.com,11 Straubel Avenue,86-(703)267-5895
Samuel,King,skingav@so-net.ne.jp,41386 Hagan Drive,62-(772)505-8256
Brian,Shaw,bshawaw@theguardian.com,67 Oak Street,62-(957)577-8292
Terry,Pierce,tpierceax@discuz.net,65773 Brickson Park Alley,86-(154)921-3104
Julia,Harvey,jharveyay@prnewswire.com,65239 Grasskamp Street,60-(956)849-4179
Antonio,Grant,agrantaz@wikipedia.org,77234 Westerfield Circle,55-(351)617-9740
Betty,Wallace,bwallaceb0@techcrunch.com,06 Southridge Street,359-(220)198-3605
Wayne,Kim,wkimb1@webs.com,4275 Messerschmidt Parkway,237-(144)327-5268
Timothy,Howell,thowellb2@quantcast.com,039 Novick Street,1-(550)291-8128
Richard,Bailey,rbaileyb3@arizona.edu,99983 Kennedy Lane,62-(455)436-2580
Eric,Adams,eadamsb4@elpais.com,13 School Point,86-(566)817-4441
Larry,Woods,lwoodsb5@nih.gov,218 Butternut Court,976-(118)141-2975
Irene,Black,iblackb6@free.fr,19098 Mccormick Trail,86-(341)218-4092
Barbara,Phillips,bphillipsb7@theglobeandmail.com,25 Toban Point,62-(406)788-0608
Christine,Williams,cwilliamsb8@digg.com,191 Clarendon Crossing,387-(514)696-9791
Sarah,Brooks,sbrooksb9@hatena.ne.jp,976 Clarendon Hill,998-(963)436-8479
Christine,Lane,claneba@netvibes.com,8228 Logan Plaza,86-(105)584-2756
Jane,Gibson,jgibsonbb@slate.com,84785 Lakeland Court,359-(529)656-0884
Kimberly,Fuller,kfullerbc@cnet.com,31 Gulseth Park,51-(305)965-0306
William,Edwards,wedwardsbd@ft.com,8414 Scofield Center,54-(624)524-4538
Theresa,Howard,thowardbe@livejournal.com,7418 Carpenter Point,86-(178)790-8517
Beverly,Carroll,bcarrollbf@japanpost.jp,17374 Crest Line Plaza,57-(627)212-9572
Raymond,Adams,radamsbg@census.gov,4341 Derek Plaza,98-(282)996-3739
Theresa,Hanson,thansonbh@intel.com,24 Erie Drive,7-(739)208-3361
Kathy,Rodriguez,krodriguezbi@gmpg.org,74 Luster Alley,86-(710)598-2263
Samuel,Brooks,sbrooksbj@wikimedia.org,830 Manitowish Trail,51-(498)672-6203
Richard,Sims,rsimsbk@berkeley.edu,8 Sycamore Alley,92-(210)942-0483
Jerry,Adams,jadamsbl@noaa.gov,9 Ramsey Avenue,51-(443)611-1638
Andrew,Butler,abutlerbm@jigsy.com,56772 Bunker Hill Drive,63-(885)413-2666
Denise,Reynolds,dreynoldsbn@sciencedirect.com,04194 Shoshone Park,86-(197)751-9299
Earl,Gardner,egardnerbo@typepad.com,03 Village Park,351-(153)120-3118
Paula,Pierce,ppiercebp@zdnet.com,4 Starling Street,212-(473)494-1450
Gary,Howard,ghowardbq@hao123.com,7 Oak Valley Hill,60-(511)895-9701
Anthony,Gonzalez,agonzalezbr@deliciousdays.com,254 Westend Crossing,54-(902)841-7420
Brenda,Black,bblackbs@jimdo.com,69 Kropf Drive,86-(917)180-2876
Raymond,Mccoy,rmccoybt@goo.ne.jp,74 Dottie Point,351-(268)569-6849
Virginia,Anderson,vandersonbu@fema.gov,42855 Union Alley,63-(172)392-3798
Joseph,Harris,jharrisbv@ustream.tv,513 Sunbrook Way,234-(966)136-7676
Kenneth,Burton,kburtonbw@prnewswire.com,71 Hudson Crossing,385-(629)950-0074
Phillip,Owens,powensbx@fotki.com,29 Upham Hill,86-(765)868-5166
Michael,Boyd,mboydby@google.com.hk,53015 Sutherland Point,48-(628)667-5211
Todd,Adams,tadamsbz@163.com,4098 Talisman Plaza,66-(253)860-6406
Joshua,Roberts,jrobertsc0@booking.com,35 Namekagon Avenue,86-(646)385-8742
Ashley,Lawson,alawsonc1@prnewswire.com,07144 Tomscot Hill,46-(546)164-8748
Ralph,Patterson,rpattersonc2@army.mil,16 Waubesa Center,46-(571)230-4161
Michelle,Mills,mmillsc3@irs.gov,93253 Bluestem Crossing,212-(429)589-9467
Joan,Brooks,jbrooksc4@amazon.com,53786 Katie Alley,49-(817)785-3810
Fred,Turner,fturnerc5@home.pl,4120 Pierstorff Circle,420-(808)317-4412
Maria,Palmer,mpalmerc6@marriott.com,58836 Burning Wood Hill,33-(406)336-4616
Victor,Little,vlittlec7@printfriendly.com,78 8th Place,86-(855)193-4344
Anna,Gordon,agordonc8@wikimedia.org,971 Susan Hill,82-(455)799-2610
Paul,Lawson,plawsonc9@1und1.de,77492 Paget Park,7-(187)525-3858
Cheryl,Moreno,cmorenoca@infoseek.co.jp,43647 Carpenter Place,33-(772)869-3406
Billy,Bishop,bbishopcb@ft.com,7735 Bobwhite Trail,86-(250)816-8947
Tina,Mitchell,tmitchellcc@berkeley.edu,56316 Talmadge Street,55-(908)713-7959
Todd,Garza,tgarzacd@si.edu,5194 Acker Parkway,7-(338)938-6018
Nancy,Evans,nevansce@imgur.com,72226 Brentwood Junction,60-(930)122-4377
Deborah,Russell,drussellcf@sciencedirect.com,4292 Homewood Place,57-(806)930-6810
Steven,Williamson,swilliamsoncg@blog.com,717 Derek Parkway,86-(390)496-5060
Gregory,Jenkins,gjenkinsch@nytimes.com,2 Kenwood Park,86-(668)663-5537
Carlos,Franklin,cfranklinci@about.com,6 Service Junction,386-(680)685-5735
Mildred,Lawson,mlawsoncj@aol.com,26724 Magdeline Avenue,27-(710)150-8939
Annie,Gomez,agomezck@fc2.com,4 Magdeline Street,48-(856)296-5724
Bruce,Carroll,bcarrollcl@pen.io,59662 Eagan Place,62-(746)106-0544
Pamela,George,pgeorgecm@utexas.edu,86415 Leroy Place,86-(970)958-8414
James,Meyer,jmeyercn@geocities.jp,5747 Meadow Vale Place,504-(129)752-1690
Louise,Mendoza,lmendozaco@toplist.cz,9 Golf Course Junction,351-(152)298-0003
Carolyn,Shaw,cshawcp@cbc.ca,8 Dawn Road,33-(448)426-9237
Wayne,Powell,wpowellcq@zdnet.com,9930 Di Loreto Plaza,55-(823)761-7137
Sharon,Collins,scollinscr@behance.net,15459 Banding Plaza,7-(231)423-3878
Mark,Little,mlittlecs@studiopress.com,0 Manitowish Center,62-(527)837-3699
Virginia,Willis,vwillisct@home.pl,673 Texas Place,55-(445)162-0589
Marilyn,Owens,mowenscu@odnoklassniki.ru,9200 Independence Junction,62-(514)708-2989
Scott,Ferguson,sfergusoncv@infoseek.co.jp,6 Towne Lane,86-(446)592-8054
Martha,Palmer,mpalmercw@tumblr.com,68539 Hudson Terrace,256-(372)364-7981
Robin,Miller,rmillercx@vkontakte.ru,98739 Hauk Parkway,357-(422)924-9775
Amy,Henry,ahenrycy@a8.net,368 Center Center,7-(339)293-5907
Ruby,Jordan,rjordancz@foxnews.com,4022 Marquette Road,235-(190)645-4445
Theresa,Sullivan,tsullivand0@springer.com,2854 Maple Wood Point,62-(758)216-8280
Willie,Andrews,wandrewsd1@squarespace.com,3 Beilfuss Place,1-(502)884-4867
Karen,Bailey,kbaileyd2@nbcnews.com,92 Forest Dale Point,225-(909)737-8708
Donna,Jackson,djacksond3@accuweather.com,35 Monterey Trail,81-(625)723-3657
Juan,Fernandez,jfernandezd4@squidoo.com,53 Prairieview Court,51-(620)901-2512
Doris,Austin,daustind5@biglobe.ne.jp,1 Marquette Hill,380-(531)936-7177
Bruce,Andrews,bandrewsd6@ucla.edu,46109 Forest Dale Terrace,55-(164)713-0811
Edward,Walker,ewalkerd7@domainmarket.com,94 Maple Wood Terrace,86-(151)115-2323
Howard,Oliver,holiverd8@jugem.jp,136 Quincy Hill,86-(323)609-2283
Lori,Fisher,lfisherd9@rediff.com,04546 Delaware Pass,86-(661)211-9363
Carl,Garza,cgarzada@discuz.net,5744 Reinke Hill,52-(858)489-4202
Louise,Wood,lwooddb@shinystat.com,1029 Roxbury Terrace,371-(363)115-5305
Kathy,Ward,kwarddc@furl.net,290 Sachtjen Street,55-(789)549-7936
Angela,Ford,aforddd@fastcompany.com,957 Harper Street,386-(715)879-3834
Mark,Scott,mscottde@ftc.gov,8 David Pass,86-(446)820-1963
Stephanie,Jacobs,sjacobsdf@cloudflare.com,67 Boyd Drive,380-(401)518-5445
Mark,Gonzalez,mgonzalezdg@yelp.com,3261 Westport Lane,216-(887)116-9445
James,Gilbert,jgilbertdh@hc360.com,6 Gale Trail,86-(878)377-9715
Maria,Garrett,mgarrettdi@skype.com,823 Eggendart Plaza,380-(371)321-7952
Walter,Green,wgreendj@goo.gl,744 Arkansas Avenue,353-(316)464-9941
Frances,Reed,freeddk@arizona.edu,26285 Moland Parkway,86-(504)795-6977
Adam,Gutierrez,agutierrezdl@over-blog.com,53108 John Wall Plaza,33-(976)505-7600
Louis,Day,ldaydm@histats.com,61 Magdeline Lane,7-(790)757-8785
Ronald,Gray,rgraydn@cbslocal.com,98246 Northland Court,54-(140)156-0319
Steven,Wright,swrightdo@bbb.org,56071 Summit Lane,62-(752)677-0447
Sharon,Lee,sleedp@reuters.com,7685 Village Green Point,55-(395)264-4049
Betty,Griffin,bgriffindq@shop-pro.jp,51271 Continental Point,55-(406)709-3357
Henry,Johnson,hjohnsondr@apple.com,5584 Clemons Park,86-(781)441-0551
Samuel,Olson,solsonds@ezinearticles.com,7147 Gulseth Court,86-(965)450-8441
Theresa,Jacobs,tjacobsdt@networkadvertising.org,986 Banding Trail,60-(561)702-9482
Larry,Ruiz,lruizdu@nifty.com,77 Glacier Hill Court,86-(377)813-2801
Dennis,Murray,dmurraydv@shop-pro.jp,1 Forest Dale Court,56-(321)672-7120
Eric,Reynolds,ereynoldsdw@sphinn.com,2564 Nova Parkway,358-(523)171-4787
Norma,Reyes,nreyesdx@bbc.co.uk,7664 4th Crossing,66-(867)602-0846
Susan,Walker,swalkerdy@hp.com,8846 Coleman Junction,86-(504)171-8867
Maria,Patterson,mpattersondz@latimes.com,8 Grover Court,1-(569)296-6318
Anna,Peterson,apetersone0@people.com.cn,46463 Thierer Drive,7-(928)915-1226
Katherine,Lawson,klawsone1@nationalgeographic.com,10 Ronald Regan Terrace,33-(365)962-9184
Bobby,Gray,bgraye2@yelp.com,773 Autumn Leaf Crossing,86-(288)367-7113
Jack,Meyer,jmeyere3@apache.org,94 Gateway Way,63-(555)592-1678
Janice,Moore,jmooree4@elpais.com,7647 Hollow Ridge Point,62-(340)635-5249
Beverly,Miller,bmillere5@pagesperso-orange.fr,6 Jana Park,7-(338)553-2084
Chris,Powell,cpowelle6@biblegateway.com,0 Mallory Hill,86-(271)491-5034
Judith,Hawkins,jhawkinse7@1und1.de,9 Burrows Street,62-(128)246-3554
Harold,Clark,hclarke8@loc.gov,4244 Ridge Oak Pass,7-(486)291-1259
Jason,Oliver,jolivere9@symantec.com,498 Northview Circle,86-(696)948-6161
Denise,Dunn,ddunnea@wikimedia.org,08 Forest Run Lane,62-(152)188-6130
Willie,Hansen,whanseneb@tripadvisor.com,41590 Eagle Crest Pass,66-(742)185-8265
Linda,Rose,lroseec@spotify.com,7361 Division Hill,86-(581)456-2540
Frances,Fox,ffoxed@webeden.co.uk,45379 Bonner Plaza,48-(835)748-7607
Sandra,Boyd,sboydee@mac.com,8167 Ridgeway Junction,86-(747)443-4055
Aaron,Campbell,acampbellef@ucoz.com,1 Talisman Crossing,7-(417)686-1201
Jean,Sullivan,jsullivaneg@squidoo.com,3 Messerschmidt Street,54-(373)657-0175
Lois,Berry,lberryeh@sun.com,912 Forest Run Court,92-(310)558-1192
Albert,Bishop,abishopei@miitbeian.gov.cn,9607 Hauk Road,63-(606)611-0431
Martha,Hunt,mhuntej@mysql.com,6104 Village Green Hill,86-(123)933-4692
Harold,Richardson,hrichardsonek@blog.com,392 Mockingbird Parkway,86-(824)400-9955
Emily,Garza,egarzael@bloglines.com,179 Rowland Drive,7-(979)398-0740
Frank,Hanson,fhansonem@istockphoto.com,82856 Lien Drive,20-(981)818-5726
Willie,Dean,wdeanen@wunderground.com,22362 Eagle Crest Point,1-(512)914-1261
Sandra,Dean,sdeaneo@soup.io,11625 Del Mar Junction,48-(596)574-8025
Arthur,Freeman,afreemanep@fema.gov,94 Vidon Crossing,351-(571)280-6276
Phyllis,Kelley,pkelleyeq@mit.edu,138 Ohio Parkway,86-(991)697-6654
Steve,Ferguson,sfergusoner@ifeng.com,0 Schurz Center,62-(930)496-9780
Joyce,Fowler,jfowleres@networkadvertising.org,89 Crest Line Park,255-(779)845-5354
Victor,Frazier,vfrazieret@yale.edu,0851 Lyons Center,86-(254)294-2222
Jack,Pierce,jpierceeu@redcross.org,2493 Artisan Place,33-(575)592-7616
Carl,Weaver,cweaverev@goodreads.com,41366 Loeprich Lane,1-(502)404-0040
Sean,Sims,ssimsew@loc.gov,62973 Barby Center,381-(717)972-2257
Carol,Meyer,cmeyerex@examiner.com,0468 Annamark Place,46-(849)235-4079
Sarah,Wood,swoodey@a8.net,6 Truax Terrace,86-(576)860-8106
Timothy,Smith,tsmithez@mtv.com,1 Scofield Point,33-(438)318-0473
Carol,Carr,ccarrf0@census.gov,6 Crowley Crossing,82-(188)222-6777
Brandon,Rice,bricef1@free.fr,5 Monterey Terrace,593-(510)243-7134
Ann,Robinson,arobinsonf2@yahoo.com,24 Florence Place,353-(160)401-2261
Jesse,Stanley,jstanleyf3@gov.uk,74 Kenwood Trail,7-(231)173-0118
Sharon,Ruiz,sruizf4@jigsy.com,58138 Lawn Point,86-(710)807-0783
Scott,Martinez,smartinezf5@bigcartel.com,54732 Dunning Hill,590-(326)148-6564
Cynthia,Young,cyoungf6@google.nl,00855 Old Shore Park,93-(247)855-5359
Barbara,Gonzalez,bgonzalezf7@twitter.com,06429 Warner Park,55-(272)237-0749
Sean,Bryant,sbryantf8@xing.com,22 Cambridge Road,63-(615)497-3720
Jeffrey,Smith,jsmithf9@yale.edu,4305 Butterfield Lane,33-(150)292-3822
Craig,Arnold,carnoldfa@blogs.com,2006 Pearson Avenue,509-(878)522-0471
Ryan,Gutierrez,rgutierrezfb@mlb.com,79 Sugar Pass,86-(159)887-0268
Jonathan,Stewart,jstewartfc@arstechnica.com,057 Montana Street,55-(877)713-8081
Joe,Reyes,jreyesfd@mlb.com,80 Mandrake Junction,86-(659)501-4328
Janet,Garcia,jgarciafe@discovery.com,93 Haas Park,86-(816)845-2741
Mary,Morris,mmorrisff@123-reg.co.uk,55 Valley Edge Junction,48-(506)957-1847
Keith,Palmer,kpalmerfg@mlb.com,6150 Harbort Place,86-(808)459-4125
Mary,West,mwestfh@goo.ne.jp,276 Memorial Park,86-(349)230-4694
Donna,Wagner,dwagnerfi@clickbank.net,1 Karstens Avenue,505-(607)186-1301
Christina,Cook,ccookfj@gov.uk,324 Westport Crossing,261-(117)125-7990
Wanda,Roberts,wrobertsfk@shutterfly.com,3 Milwaukee Park,358-(609)110-8027
Joseph,Bell,jbellfl@ed.gov,8454 Northwestern Crossing,7-(254)172-4653
Frances,Fowler,ffowlerfm@flavors.me,88130 Scofield Plaza,355-(476)145-8945
Bobby,Carroll,bcarrollfn@networkadvertising.org,04490 Walton Lane,291-(603)743-0781
Denise,Bradley,dbradleyfo@shareasale.com,396 Grover Parkway,963-(315)710-7319
Jonathan,Day,jdayfp@hostgator.com,58450 Artisan Point,86-(426)541-9494
Samuel,Perry,sperryfq@shinystat.com,2 Ridgeway Crossing,30-(400)676-8103
Matthew,Flores,mfloresfr@newsvine.com,0786 7th Center,420-(322)100-0659
Andrew,Burton,aburtonfs@nature.com,510 Fremont Trail,86-(329)284-8424
Mark,Fox,mfoxft@washingtonpost.com,5671 Warbler Hill,33-(163)509-7848
Earl,James,ejamesfu@toplist.cz,02 Fulton Hill,52-(860)968-3803
Joyce,Stanley,jstanleyfv@nydailynews.com,34 Ronald Regan Hill,1-(470)565-1986
Antonio,Frazier,afrazierfw@exblog.jp,756 Transport Terrace,62-(734)965-7957
Cheryl,Sims,csimsfx@rediff.com,02059 Elka Crossing,86-(385)763-3021
Gregory,Rose,grosefy@omniture.com,546 Main Street,86-(104)791-4901
Jose,Dean,jdeanfz@booking.com,5730 Village Green Parkway,86-(264)360-9730
Sarah,Thomas,sthomasg0@bluehost.com,0936 Shelley Place,420-(754)707-7662
Thomas,Foster,tfosterg1@digg.com,23 Kim Lane,86-(683)270-1125
Kimberly,Barnes,kbarnesg2@wordpress.com,19050 Ruskin Hill,86-(201)380-2929
Paula,Peterson,ppetersong3@usda.gov,637 Pierstorff Circle,234-(672)424-3327
Virginia,Bailey,vbaileyg4@tmall.com,495 Farmco Street,7-(616)403-6107
Fred,Peterson,fpetersong5@walmart.com,6 Onsgard Place,57-(805)905-0320
Carlos,Kelly,ckellyg6@shareasale.com,84891 Nobel Lane,86-(143)694-9705
Jack,Duncan,jduncang7@google.ru,6830 Cascade Crossing,55-(546)393-7972
Wayne,Garrett,wgarrettg8@latimes.com,0361 Tony Circle,20-(333)755-8545
Wayne,Kennedy,wkennedyg9@gnu.org,32 Hanover Road,51-(747)856-7641
Todd,Welch,twelchga@usnews.com,01150 Corry Park,599-(438)976-5724
Janet,Ortiz,jortizgb@zimbio.com,6423 Mayer Parkway,961-(301)481-4227
Timothy,Bryant,tbryantgc@who.int,2828 Eggendart Drive,62-(845)125-2310
Ernest,Roberts,erobertsgd@dmoz.org,251 Maple Wood Parkway,51-(539)490-0392
Beverly,Chapman,bchapmange@npr.org,03676 Eastwood Court,389-(693)474-4712
William,Sanchez,wsanchezgf@ted.com,5 Meadow Ridge Park,420-(749)252-1225
Joshua,Richardson,jrichardsongg@intel.com,2 Bellgrove Trail,62-(939)725-3338
Andrea,Gomez,agomezgh@buzzfeed.com,3 Utah Park,54-(718)316-5939
Dorothy,Cruz,dcruzgi@microsoft.com,762 Donald Park,60-(211)222-1144
Susan,Austin,saustingj@oracle.com,8970 Jenna Lane,86-(353)581-7734
Julia,Carroll,jcarrollgk@mlb.com,8914 Melby Way,86-(888)941-9231
Richard,Kelley,rkelleygl@google.pl,0824 Mandrake Junction,86-(370)131-1262
Kathleen,Alexander,kalexandergm@zimbio.com,82 Toban Road,420-(399)808-7547
Daniel,Marshall,dmarshallgn@w3.org,2 Straubel Trail,55-(753)877-3839
Jose,Burke,jburkego@noaa.gov,91 Claremont Crossing,420-(413)919-9403
Jeffrey,Diaz,jdiazgp@so-net.ne.jp,326 Gina Center,48-(120)363-5605
Christina,Wagner,cwagnergq@ebay.co.uk,65983 Hovde Avenue,62-(358)808-0291
Janice,Daniels,jdanielsgr@1688.com,9 Carberry Junction,993-(460)802-3103
Richard,Payne,rpaynegs@hp.com,284 Coolidge Parkway,86-(681)691-1034
Andrea,Arnold,aarnoldgt@fastcompany.com,8893 Reinke Drive,60-(349)970-9441
Arthur,Gordon,agordongu@prlog.org,14524 Washington Trail,54-(305)408-4512
Judith,Howell,jhowellgv@networkadvertising.org,260 Grasskamp Avenue,1-(714)772-5743
Jason,Marshall,jmarshallgw@digg.com,73 Laurel Way,62-(877)360-3263
Sarah,Wheeler,swheelergx@people.com.cn,6 Spenser Court,33-(716)138-6135
Ernest,Morales,emoralesgy@patch.com,841 Onsgard Pass,62-(902)344-8351
Edward,Johnson,ejohnsongz@comcast.net,844 Main Crossing,880-(581)670-2472
Marilyn,Porter,mporterh0@foxnews.com,16 Orin Way,86-(460)755-2353
Michelle,Ortiz,mortizh1@dedecms.com,44519 Victoria Road,48-(617)546-0503
Ruby,Jones,rjonesh2@soundcloud.com,4 Park Meadow Place,234-(786)827-8741
Billy,Hernandez,bhernandezh3@deliciousdays.com,68980 1st Plaza,86-(817)655-2961
Robin,Lopez,rlopezh4@google.co.jp,48 Ridge Oak Place,62-(320)313-7679
Joseph,Griffin,jgriffinh5@quantcast.com,0 6th Point,62-(859)888-1554
Patricia,Alvarez,palvarezh6@who.int,597 Rockefeller Hill,86-(860)630-2981
Philip,Anderson,pandersonh7@behance.net,80027 Sutteridge Parkway,7-(723)492-7621
James,Carr,jcarrh8@berkeley.edu,6422 Troy Park,234-(382)328-2982
Jack,Price,jpriceh9@fc2.com,349 Algoma Center,62-(237)343-9388
Rose,Lopez,rlopezha@cnbc.com,9084 Magdeline Plaza,976-(939)844-3318
Janice,Martin,jmartinhb@blogtalkradio.com,9 Autumn Leaf Junction,86-(176)196-1611
Daniel,Thompson,dthompsonhc@amazon.de,55 Straubel Pass,86-(637)886-1094
Todd,Gomez,tgomezhd@bandcamp.com,3845 Ilene Junction,852-(825)725-2541
Nancy,Warren,nwarrenhe@tinyurl.com,3422 Jenna Drive,53-(448)683-7025
Jesse,Porter,jporterhf@zimbio.com,1 Huxley Plaza,55-(614)164-8292
Amy,Weaver,aweaverhg@artisteer.com,325 Maple Wood Alley,7-(837)717-5303
Jerry,Williamson,jwilliamsonhh@simplemachines.org,6641 Mosinee Road,47-(483)247-1885
Maria,Perez,mperezhi@acquirethisname.com,27762 Butterfield Pass,49-(717)883-3575
Judith,Sanders,jsandershj@g.co,63787 Montana Street,964-(978)330-0231
Deborah,Murray,dmurrayhk@simplemachines.org,24886 Prentice Crossing,351-(223)356-3064
Sarah,Harvey,sharveyhl@cdbaby.com,091 Crowley Avenue,51-(253)820-9877
Ashley,Burton,aburtonhm@indiegogo.com,90020 Bluejay Trail,81-(823)961-7176
Anna,Perez,aperezhn@homestead.com,6 Badeau Trail,7-(371)652-8812
Linda,Harrison,lharrisonho@t-online.de,2 Mockingbird Crossing,233-(866)907-0339
Randy,Ramos,rramoshp@nature.com,1 Glendale Lane,7-(261)974-6090
Roy,Fox,rfoxhq@independent.co.uk,5 Northridge Park,86-(739)392-2274
Willie,Moreno,wmorenohr@howstuffworks.com,74385 Buena Vista Junction,358-(495)457-6737
Stephen,Cox,scoxhs@hubpages.com,64 Eagan Road,81-(322)826-3183
Todd,Kennedy,tkennedyht@networkadvertising.org,47943 Shelley Junction,86-(406)751-5176
Marie,Arnold,marnoldhu@hhs.gov,34079 Logan Alley,86-(408)178-2665
Russell,Ramos,rramoshv@angelfire.com,29 South Drive,63-(536)630-1759
Mildred,Collins,mcollinshw@dropbox.com,51 Novick Alley,62-(822)745-1227
Kelly,Hall,khallhx@berkeley.edu,7765 Division Trail,31-(367)839-3062
Joyce,Reyes,jreyeshy@patch.com,87007 Upham Circle,62-(701)579-7415
Harold,Hunter,hhunterhz@bbc.co.uk,8 Melrose Street,386-(902)379-3510
George,Thomas,gthomasi0@wikimedia.org,93353 Cottonwood Center,81-(516)661-3942
Stephanie,Brooks,sbrooksi1@cyberchimps.com,0 Loeprich Plaza,62-(697)853-0907
Terry,Wheeler,twheeleri2@cnet.com,94 Rockefeller Way,55-(214)889-5187
Walter,Price,wpricei3@purevolume.com,41578 Weeping Birch Parkway,92-(876)464-6961
Justin,Daniels,jdanielsi4@dell.com,548 Fuller Circle,33-(173)354-6114
Kathryn,Peters,kpetersi5@omniture.com,1 School Circle,351-(925)477-7456
Jane,Mccoy,jmccoyi6@qq.com,47 South Terrace,226-(524)454-2401
Christine,Stevens,cstevensi7@exblog.jp,584 Susan Junction,46-(158)102-6808
Donald,Flores,dfloresi8@google.com.hk,51364 Cherokee Crossing,353-(112)356-9673
Tina,Alexander,talexanderi9@soup.io,3632 Pierstorff Court,46-(106)730-4115
Terry,Vasquez,tvasquezia@cbc.ca,679 Carey Trail,55-(409)481-1548
Laura,Shaw,lshawib@earthlink.net,714 Welch Circle,380-(980)847-4218
Kenneth,Miller,kmilleric@sciencedaily.com,1 Dryden Street,220-(168)450-6081
Lawrence,Green,lgreenid@uiuc.edu,624 Longview Terrace,1-(875)274-2418
Irene,Scott,iscottie@hostgator.com,2 Caliangt Terrace,86-(395)133-5274
Sean,Wood,swoodif@w3.org,7 Sunfield Pass,218-(716)929-3565
Christopher,Butler,cbutlerig@mlb.com,58 Laurel Plaza,62-(300)687-2468
Dorothy,Adams,dadamsih@tripod.com,393 Redwing Crossing,62-(389)426-8144
Douglas,Allen,dallenii@topsy.com,0955 Northfield Circle,54-(988)105-7462
Terry,Oliver,toliverij@gmpg.org,27554 Green Way,62-(495)329-3151
Jason,Gonzalez,jgonzalezik@intel.com,20 Lakeland Avenue,86-(781)612-6601
Michelle,Webb,mwebbil@youtu.be,2697 Hoepker Junction,30-(238)498-9376
Margaret,Foster,mfosterim@japanpost.jp,0977 Badeau Lane,46-(119)299-7978
Nicholas,Stephens,nstephensin@de.vu,51646 Becker Alley,63-(454)370-9533
Jesse,Wheeler,jwheelerio@seesaa.net,1 Hazelcrest Lane,7-(315)275-3725
Christina,Bradley,cbradleyip@istockphoto.com,548 Commercial Terrace,86-(163)171-3752
Jessica,Stone,jstoneiq@printfriendly.com,9 Northview Street,20-(691)934-0382
Aaron,Wells,awellsir@msn.com,4663 Sherman Crossing,351-(848)128-1231
Ronald,Pierce,rpierceis@de.vu,92916 Hagan Terrace,1-(202)541-8522
Heather,Jones,hjonesit@clickbank.net,27803 Reinke Parkway,86-(938)759-8626
Irene,Harris,iharrisiu@xinhuanet.com,97172 Loomis Crossing,994-(314)494-4722
Beverly,Reyes,breyesiv@flickr.com,501 Veith Drive,967-(574)563-4118
Anne,Jenkins,ajenkinsiw@cargocollective.com,2936 Tennyson Crossing,216-(378)992-1049
Tammy,Hunt,thuntix@cam.ac.uk,911 Oak Valley Park,63-(876)426-2854
Bonnie,Richards,brichardsiy@macromedia.com,4 Tomscot Point,63-(111)878-5193
Richard,Welch,rwelchiz@tinypic.com,69 Colorado Alley,1-(972)286-1750
Doris,Freeman,dfreemanj0@usatoday.com,69318 Sullivan Pass,86-(826)683-9245
Willie,Warren,wwarrenj1@parallels.com,16959 Sherman Court,57-(464)349-0884
Phillip,Lopez,plopezj2@ox.ac.uk,36 Sugar Parkway,7-(589)321-1093
Harold,Price,hpricej3@webmd.com,22881 Towne Road,63-(153)671-1841
Virginia,Watson,vwatsonj4@usatoday.com,45 Derek Junction,86-(440)688-0341
Linda,Carter,lcarterj5@themeforest.net,20 Hoard Court,86-(473)892-3528
Kenneth,Henderson,khendersonj6@dmoz.org,046 Annamark Plaza,1-(602)780-1930
Lori,Olson,lolsonj7@yelp.com,3683 Sundown Avenue,351-(205)277-8425
Laura,Carpenter,lcarpenterj8@independent.co.uk,11330 Upham Circle,7-(143)633-9606
Susan,Andrews,sandrewsj9@discovery.com,8741 Alpine Lane,62-(876)468-2214
Margaret,Jacobs,mjacobsja@yellowpages.com,66 Elmside Drive,234-(820)829-4471
Carolyn,Rodriguez,crodriguezjb@google.cn,3 Green Center,63-(455)584-9953
Beverly,Harvey,bharveyjc@gmpg.org,0203 Brentwood Plaza,98-(979)149-8542
Adam,Reed,areedjd@marriott.com,46 Ludington Center,34-(632)258-8384
Theresa,Green,tgreenje@slate.com,23 Basil Terrace,7-(690)782-5127
Jimmy,Mitchell,jmitchelljf@purevolume.com,14 Rowland Center,86-(930)109-3203
Denise,George,dgeorgejg@e-recht24.de,597 Northridge Pass,86-(268)866-8391
Gerald,Ramos,gramosjh@163.com,190 Thompson Lane,54-(371)979-1116
Louise,Williams,lwilliamsji@hao123.com,0 Rigney Lane,244-(505)594-4461
Chris,Greene,cgreenejj@kickstarter.com,8277 Hooker Crossing,63-(180)270-7759
Frank,Graham,fgrahamjk@squarespace.com,44 Riverside Trail,46-(868)563-0122
Stephen,Mitchell,smitchelljl@princeton.edu,63326 Kensington Avenue,55-(259)654-8416
Donald,Stone,dstonejm@skype.com,779 Sundown Pass,66-(533)319-8942
Louis,Medina,lmedinajn@rambler.ru,16790 7th Alley,386-(140)123-0169
Maria,Nichols,mnicholsjo@bandcamp.com,87210 Leroy Lane,234-(213)366-9531
Bruce,Lee,bleejp@nationalgeographic.com,14 Sugar Pass,62-(717)178-4595
Keith,Howell,khowelljq@clickbank.net,1 Randy Trail,1-(616)248-6530
Ruby,Kelly,rkellyjr@ow.ly,21 Warrior Road,420-(535)406-3839
Rebecca,Martinez,rmartinezjs@bizjournals.com,1503 Dawn Center,62-(560)126-2142
Justin,Lewis,jlewisjt@w3.org,68340 Charing Cross Street,62-(728)599-4511
Cynthia,Campbell,ccampbellju@tuttocitta.it,0652 Knutson Crossing,51-(947)860-4730
Samuel,Turner,sturnerjv@ehow.com,604 Bartelt Road,48-(223)229-3721
Judy,Young,jyoungjw@ucoz.com,0242 Pond Junction,7-(150)717-0417
Ryan,Cook,rcookjx@homestead.com,5 Dawn Park,86-(914)831-6957
Carl,Hall,challjy@disqus.com,2270 Truax Way,386-(389)485-6118
Stephen,Morales,smoralesjz@i2i.jp,2995 Bunker Hill Park,7-(433)304-0287
Laura,Robertson,lrobertsonk0@paginegialle.it,122 Lukken Terrace,86-(339)377-4979
Katherine,George,kgeorgek1@ocn.ne.jp,080 Kensington Park,86-(762)554-3851
Kimberly,Robertson,krobertsonk2@nationalgeographic.com,1980 Service Point,55-(234)691-7189
Heather,Mills,hmillsk3@opera.com,27957 Talisman Park,1-(517)794-2788
Anna,King,akingk4@sfgate.com,989 Bobwhite Center,7-(657)854-2910
Todd,Robertson,trobertsonk5@berkeley.edu,3447 Londonderry Circle,7-(645)237-4431
Cynthia,Reynolds,creynoldsk6@forbes.com,1030 Meadow Valley Circle,20-(489)447-2022
Alan,Gomez,agomezk7@tuttocitta.it,5 Utah Plaza,81-(984)418-1333
Sandra,Mitchell,smitchellk8@dailymail.co.uk,6644 Stuart Crossing,230-(189)114-0490
Mary,Myers,mmyersk9@tripod.com,8 Dottie Trail,591-(129)494-4799
Ronald,Sullivan,rsullivanka@whitehouse.gov,5 School Plaza,212-(455)910-2582
Joshua,Alexander,jalexanderkb@hc360.com,127 Graedel Road,62-(342)417-4712
Matthew,Owens,mowenskc@arizona.edu,19 Shopko Plaza,7-(925)300-6850
Jessica,Scott,jscottkd@zimbio.com,59 Elka Road,992-(445)380-6339
Carol,Lynch,clynchke@craigslist.org,0916 Bunting Point,86-(465)659-2386
Richard,Jacobs,rjacobskf@github.io,986 Scott Park,86-(236)575-1420
Cynthia,Gordon,cgordonkg@apache.org,399 Mifflin Terrace,46-(563)161-4964
Ruth,Martinez,rmartinezkh@nbcnews.com,01 Katie Center,62-(525)696-6422
Norma,Wells,nwellski@bbb.org,20531 Barby Plaza,55-(600)607-7471
Matthew,Alvarez,malvarezkj@fema.gov,59 Monument Place,381-(874)849-7944
Ernest,Chapman,echapmankk@pbs.org,75163 Schmedeman Circle,351-(727)132-0628
Andrea,Williamson,awilliamsonkl@google.cn,03 Oak Valley Plaza,56-(251)734-7328
William,Gonzales,wgonzaleskm@mtv.com,03 Colorado Drive,55-(361)121-9529
Ronald,Payne,rpaynekn@cbsnews.com,76120 Moulton Pass,66-(738)144-1606
Jacqueline,Perez,jperezko@spotify.com,3 Blue Bill Park Circle,62-(359)393-4161
Phillip,Wilson,pwilsonkp@dmoz.org,5039 Debra Lane,351-(652)827-4811
Jerry,Bryant,jbryantkq@taobao.com,5368 Pond Center,62-(655)621-7324
Keith,Marshall,kmarshallkr@storify.com,12 Fordem Place,298-(940)605-7399
Irene,Bailey,ibaileyks@xrea.com,17 Novick Point,351-(944)664-4536
Rachel,Austin,raustinkt@archive.org,437 Lawn Circle,27-(224)308-8975
Victor,Owens,vowensku@baidu.com,22 Service Road,1-(918)590-9864
Charles,Chapman,cchapmankv@jigsy.com,57753 Stoughton Park,357-(755)928-9034
Kenneth,Vasquez,kvasquezkw@nature.com,73 Corscot Way,63-(865)437-5607
Helen,Lawrence,hlawrencekx@reddit.com,9 Fallview Drive,33-(887)844-9296
Karen,Smith,ksmithky@plala.or.jp,2 Sheridan Avenue,57-(511)216-6694
Emily,Kennedy,ekennedykz@e-recht24.de,6949 Mayer Trail,66-(716)940-2525
Christine,Ramirez,cramirezl0@wp.com,619 Cherokee Circle,86-(695)106-8050
Jessica,Stevens,jstevensl1@cpanel.net,0134 Buell Way,353-(956)230-6108
Howard,Freeman,hfreemanl2@1688.com,57402 Golf View Point,995-(850)314-1351
Paul,Wilson,pwilsonl3@nydailynews.com,8 Manitowish Point,86-(295)570-3885
Kathy,Robertson,krobertsonl4@java.com,85 American Ash Way,351-(422)380-9641
Brandon,Dean,bdeanl5@timesonline.co.uk,8 Dryden Point,33-(385)680-3124
Peter,Stone,pstonel6@opensource.org,09 Birchwood Way,62-(705)210-4953
Chris,Peters,cpetersl7@ask.com,93 Laurel Center,506-(618)313-5160
Carolyn,Alexander,calexanderl8@blogtalkradio.com,3 Buena Vista Junction,351-(909)467-1488
Joan,Jackson,jjacksonl9@apple.com,3 Rigney Street,48-(413)331-5102
Johnny,Jacobs,jjacobsla@blogspot.com,16061 Thierer Crossing,7-(184)239-9373
Brian,Stanley,bstanleylb@dedecms.com,730 Badeau Street,86-(628)306-2214
Billy,Ray,braylc@unblog.fr,0763 Pepper Wood Point,46-(117)146-2793
Cheryl,Mitchell,cmitchellld@cocolog-nifty.com,62 Lien Circle,86-(989)556-3165
Johnny,Martinez,jmartinezle@earthlink.net,32 Prentice Terrace,46-(672)497-5520
Sandra,Knight,sknightlf@cam.ac.uk,9354 Kingsford Junction,30-(527)839-9635
Susan,Gonzales,sgonzaleslg@netlog.com,354 Garrison Avenue,351-(658)410-0164
Aaron,Hudson,ahudsonlh@over-blog.com,519 Cordelia Avenue,420-(568)335-1798
Brenda,Welch,bwelchli@eventbrite.com,6485 Laurel Park,84-(872)141-0018
Diana,Gibson,dgibsonlj@wordpress.org,3446 Village Green Lane,591-(985)880-5112
Thomas,Payne,tpaynelk@google.co.uk,5 Banding Drive,62-(571)897-2477
Robert,Kelley,rkelleyll@pcworld.com,182 Corscot Court,351-(821)584-0194
Ruth,Turner,rturnerlm@is.gd,7 Ruskin Drive,51-(177)854-2872
Thomas,James,tjamesln@engadget.com,978 Mcbride Trail,387-(265)804-5604
Melissa,Ross,mrosslo@g.co,1273 Express Point,385-(702)442-4515
Adam,Hart,ahartlp@tinyurl.com,3966 Red Cloud Place,62-(482)817-1525
Samuel,Foster,sfosterlq@qq.com,7877 Declaration Center,593-(758)821-3454
James,Smith,jsmithlr@reddit.com,672 Summerview Plaza,505-(787)302-4557
Lawrence,Hawkins,lhawkinsls@tinypic.com,13 Michigan Circle,86-(198)186-8866
Virginia,Boyd,vboydlt@rakuten.co.jp,51638 Eagle Crest Circle,62-(663)371-4375
Doris,Mccoy,dmccoylu@hubpages.com,05704 Ridgeview Street,63-(193)564-4962
Daniel,Foster,dfosterlv@craigslist.org,03795 Ridgeway Avenue,63-(182)342-9395
Kathleen,Jordan,kjordanlw@dropbox.com,1682 Texas Place,261-(109)336-8842
Thomas,Simpson,tsimpsonlx@cocolog-nifty.com,2169 Fuller Crossing,86-(712)807-3988
Michelle,Jordan,mjordanly@craigslist.org,02727 Hovde Lane,63-(964)700-4142
Jonathan,Weaver,jweaverlz@rambler.ru,82375 Northfield Place,86-(570)568-7516
Ann,Gordon,agordonm0@cnet.com,602 Nancy Junction,1-(614)171-9075
Louise,Cole,lcolem1@google.co.jp,71 Barnett Pass,92-(916)925-7917
Kelly,Ryan,kryanm2@vkontakte.ru,7216 Helena Lane,7-(110)142-3040
Matthew,Schmidt,mschmidtm3@homestead.com,8287 Cherokee Plaza,972-(316)667-9501
Michael,Allen,mallenm4@last.fm,558 Roth Alley,63-(503)260-6444
Ronald,Torres,rtorresm5@va.gov,12 Maywood Avenue,86-(415)358-2514
Catherine,Richards,crichardsm6@sakura.ne.jp,97940 Ronald Regan Circle,46-(825)438-7224
Mildred,Cook,mcookm7@zdnet.com,83 Ludington Plaza,51-(110)332-7879
Randy,Burke,rburkem8@oracle.com,202 Hoepker Junction,62-(577)921-1162
Daniel,Carroll,dcarrollm9@github.com,83 Oriole Point,86-(484)393-1574
Kenneth,Wells,kwellsma@blogspot.com,58576 Banding Avenue,66-(904)921-0780
James,Stanley,jstanleymb@amazon.de,53431 Graedel Road,374-(827)562-7884
Joe,Shaw,jshawmc@admin.ch,4177 Ludington Park,1-(574)418-0156
Anne,Welch,awelchmd@g.co,56421 Annamark Drive,86-(558)810-4146
Ann,Campbell,acampbellme@nydailynews.com,3857 Jackson Place,351-(542)136-1103
Rose,Rodriguez,rrodriguezmf@cloudflare.com,08882 Comanche Place,1-(950)275-9249
Chris,Wells,cwellsmg@opensource.org,0 Cordelia Street,34-(786)809-4723
Amy,Chavez,achavezmh@comsenz.com,0 Darwin Circle,380-(156)379-4725
Elizabeth,Morgan,emorganmi@globo.com,0 Artisan Park,970-(614)533-6624
Craig,Holmes,cholmesmj@miibeian.gov.cn,410 Schiller Pass,267-(863)289-3216
Johnny,Jackson,jjacksonmk@freewebs.com,53 Barby Alley,62-(267)331-6576
Susan,Smith,ssmithml@stanford.edu,1387 Merry Point,48-(533)594-9045
Dennis,Anderson,dandersonmm@zimbio.com,87 Eastlawn Lane,1-(213)385-3768
Kimberly,Jenkins,kjenkinsmn@opensource.org,695 Doe Crossing Alley,351-(358)513-7460
Lisa,Gibson,lgibsonmo@mozilla.org,1 Monica Way,86-(386)368-0374
Joe,Burke,jburkemp@samsung.com,18 Cascade Parkway,380-(365)664-7262
Lisa,Nguyen,lnguyenmq@tripod.com,73653 Northport Hill,81-(431)831-8157
Brandon,Bailey,bbaileymr@guardian.co.uk,2 Arrowood Point,380-(551)250-7329
Alice,Reynolds,areynoldsms@topsy.com,221 Main Road,81-(952)129-5439
Katherine,Brown,kbrownmt@skype.com,174 Bunting Drive,86-(607)221-0655
Maria,Ford,mfordmu@unesco.org,6693 Debra Hill,86-(893)168-1051
Joe,Davis,jdavismv@issuu.com,71548 Vidon Park,62-(998)316-5985
Jennifer,Bowman,jbowmanmw@oaic.gov.au,9058 Cordelia Drive,977-(970)586-1331
Angela,Green,agreenmx@google.ca,6 Moulton Park,7-(574)545-0900
Catherine,Ray,craymy@arizona.edu,684 Kingsford Hill,7-(902)967-1054
Laura,Nguyen,lnguyenmz@wordpress.com,77 Cottonwood Way,46-(323)787-2518
Lillian,Woods,lwoodsn0@washingtonpost.com,8 Maple Crossing,98-(219)194-4109
Cheryl,Ford,cfordn1@state.gov,51 Summerview Circle,98-(680)262-1420
Alan,Brown,abrownn2@uiuc.edu,1 Sunbrook Point,420-(507)720-9629
Angela,Dunn,adunnn3@a8.net,37 Judy Hill,7-(628)792-3951
Alice,Cooper,acoopern4@wsj.com,91502 Lindbergh Lane,46-(626)745-4773
Phillip,Pierce,ppiercen5@yale.edu,1201 Magdeline Alley,30-(683)673-4210
Jesse,Crawford,jcrawfordn6@google.fr,13459 Golf Course Crossing,223-(717)108-9451
Edward,Gonzalez,egonzalezn7@people.com.cn,13 Jay Trail,49-(494)484-8850
Patrick,Robinson,probinsonn8@netlog.com,6 Golf View Street,62-(567)328-5700
Annie,Gomez,agomezn9@cdbaby.com,2816 Oriole Point,507-(651)924-5018
Betty,Lewis,blewisna@bigcartel.com,4 Almo Park,218-(312)554-4812
Cynthia,Hunt,chuntnb@nationalgeographic.com,744 Nancy Lane,55-(606)220-0505
Ashley,Bryant,abryantnc@nydailynews.com,8256 Caliangt Place,54-(845)966-9528
Willie,Olson,wolsonnd@seesaa.net,3975 Larry Crossing,86-(751)904-3073
Wanda,Morrison,wmorrisonne@flickr.com,18 Springview Avenue,33-(980)690-6600
Phyllis,Washington,pwashingtonnf@sciencedirect.com,8727 Dryden Circle,86-(167)310-4470
Larry,Moreno,lmorenong@youku.com,0254 Doe Crossing Junction,256-(553)632-0962
Diane,Warren,dwarrennh@statcounter.com,419 Graedel Pass,33-(570)618-8334
Jesse,Reed,jreedni@plala.or.jp,7 Ridgeway Alley,55-(386)470-1243
Beverly,Dean,bdeannj@stumbleupon.com,536 Golf Course Pass,62-(653)675-1295
Timothy,Bowman,tbowmannk@chron.com,75410 Corben Alley,380-(630)873-5867
Jean,Walker,jwalkernl@paginegialle.it,01222 Kingsford Place,227-(934)117-0736
Craig,Cunningham,ccunninghamnm@archive.org,6748 Sugar Terrace,55-(150)341-3708
Brian,Coleman,bcolemannn@dyndns.org,04383 Boyd Parkway,420-(418)239-8737
Christopher,White,cwhiteno@macromedia.com,2 Hayes Way,359-(337)165-8916
Todd,Greene,tgreenenp@blogspot.com,02 Ryan Junction,62-(929)423-6559
Stephen,Crawford,scrawfordnq@reuters.com,19 Thackeray Parkway,357-(566)328-7086
Cheryl,Hawkins,chawkinsnr@newyorker.com,8 Lakeland Street,86-(693)454-0211
Jean,Lopez,jlopezns@meetup.com,50 Brickson Park Pass,86-(373)495-4979
Craig,Hunt,chuntnt@ucoz.ru,67258 High Crossing Avenue,66-(424)939-7645
Virginia,Perkins,vperkinsnu@exblog.jp,2 Prairie Rose Plaza,48-(609)604-4399
Diana,Holmes,dholmesnv@google.com.hk,4993 Sutteridge Lane,62-(457)473-5769
Stephen,Welch,swelchnw@rediff.com,53 Annamark Junction,62-(483)731-3337
Sandra,Brown,sbrownnx@a8.net,2669 Continental Pass,46-(385)291-3094
Julia,Kennedy,jkennedyny@oakley.com,34347 Golf View Court,86-(771)822-2237
Arthur,Webb,awebbnz@unicef.org,4 Di Loreto Circle,81-(563)689-1496
Todd,Warren,twarreno0@fda.gov,32 Union Street,420-(415)104-4842
Louis,Greene,lgreeneo1@themeforest.net,161 Anderson Drive,52-(764)337-3150
Deborah,Perkins,dperkinso2@skype.com,5481 Farmco Crossing,62-(269)180-3212
Kathryn,Burton,kburtono3@accuweather.com,5395 Hintze Court,57-(675)918-6730
Andrea,Stevens,astevenso4@weebly.com,1 Lillian Trail,7-(181)901-3262
Kenneth,Johnston,kjohnstono5@chicagotribune.com,82768 Huxley Way,62-(485)383-6229
Christopher,Bell,cbello6@newyorker.com,26 Schurz Lane,66-(902)870-9939
Evelyn,Jordan,ejordano7@amazonaws.com,9 Eagan Road,62-(650)675-9708
Robert,Morrison,rmorrisono8@google.co.uk,4550 Jenifer Street,63-(593)972-8162
Anne,Griffin,agriffino9@sphinn.com,5217 Huxley Park,47-(771)628-3464
Pamela,Andrews,pandrewsoa@china.com.cn,9 Eagan Alley,7-(169)231-5928
Katherine,Shaw,kshawob@upenn.edu,1987 High Crossing Plaza,33-(650)566-1020
John,Harrison,jharrisonoc@t.co,53216 Fieldstone Drive,55-(565)794-5219
Clarence,Austin,caustinod@telegraph.co.uk,57986 Melvin Park,47-(770)251-6129
Dennis,Austin,daustinoe@freewebs.com,37 Westport Circle,54-(570)360-4251
Harry,Long,hlongof@springer.com,93033 Sunfield Plaza,63-(407)349-2352
Lisa,Jackson,ljacksonog@parallels.com,9296 Longview Crossing,86-(209)719-1570
Jeremy,Ellis,jellisoh@gizmodo.com,333 Carberry Plaza,7-(720)641-7321
William,Bailey,wbaileyoi@europa.eu,3695 Walton Plaza,234-(345)324-9807
Peter,Larson,plarsonoj@parallels.com,6 Summit Trail,48-(205)954-8726
Margaret,Graham,mgrahamok@mozilla.com,84 Novick Parkway,420-(149)151-5520
Jennifer,Martinez,jmartinezol@bing.com,9 Sage Street,62-(388)737-9159
Jessica,Howell,jhowellom@slate.com,0793 Swallow Junction,63-(777)696-6817
Kathryn,Daniels,kdanielson@springer.com,8 Lukken Pass,60-(707)876-7828
Todd,Gonzales,tgonzalesoo@networksolutions.com,04 Shasta Trail,62-(696)690-2350
Kathryn,Jackson,kjacksonop@deviantart.com,76 Stephen Junction,84-(694)873-1900
Juan,Wagner,jwagneroq@statcounter.com,89 Crownhardt Junction,63-(919)882-6582
Julia,Ray,jrayor@miibeian.gov.cn,08 Burning Wood Trail,1-(352)126-2353
Earl,Brooks,ebrooksos@hibu.com,79432 Lighthouse Bay Terrace,509-(636)115-8608
Gary,Robertson,grobertsonot@mozilla.com,830 Dixon Way,420-(943)142-0372
Kelly,Welch,kwelchou@qq.com,07 Waxwing Hill,48-(178)973-2630
Thomas,Butler,tbutlerov@cyberchimps.com,1 Di Loreto Road,63-(498)839-7396
Marie,Johnson,mjohnsonow@alexa.com,9837 Sachs Pass,31-(266)983-2144
Mary,Coleman,mcolemanox@squarespace.com,309 Starling Pass,351-(839)594-3542
Larry,Harrison,lharrisonoy@hud.gov,6 Del Mar Way,375-(615)711-1628
Louis,Smith,lsmithoz@symantec.com,50393 Pleasure Crossing,57-(314)904-1613
Scott,Fisher,sfisherp0@stanford.edu,4 Swallow Court,48-(904)314-2660
Kelly,Myers,kmyersp1@illinois.edu,901 Hansons Terrace,420-(215)466-0681
Harry,Jackson,hjacksonp2@apache.org,494 Morrow Park,63-(138)870-7310
Carol,Riley,crileyp3@i2i.jp,9667 Sachs Avenue,86-(700)612-3969
Johnny,Elliott,jelliottp4@adobe.com,6 Dawn Circle,62-(472)162-7440
Barbara,Miller,bmillerp5@google.co.jp,48687 Coolidge Junction,86-(283)570-8647
Heather,Turner,hturnerp6@ihg.com,760 North Drive,972-(875)329-2411
Ashley,Austin,aaustinp7@multiply.com,939 Kipling Lane,7-(637)951-7067
Peter,Edwards,pedwardsp8@xinhuanet.com,806 Mariners Cove Plaza,86-(262)538-5653
Elizabeth,Ruiz,eruizp9@yellowpages.com,18 Karstens Way,86-(761)835-1709
Virginia,Mccoy,vmccoypa@blogspot.com,93 Cascade Circle,82-(650)945-8862
Debra,Johnston,djohnstonpb@dell.com,390 Bartillon Court,420-(713)373-2154
Pamela,Campbell,pcampbellpc@goo.gl,85 Union Terrace,86-(380)257-8168
Heather,Williamson,hwilliamsonpd@hibu.com,11763 Springs Drive,62-(863)102-0020
Timothy,Greene,tgreenepe@lulu.com,94305 Moulton Point,7-(759)238-4010
Gloria,Griffin,ggriffinpf@pbs.org,28 Weeping Birch Center,49-(287)713-0468
Scott,Mcdonald,smcdonaldpg@state.tx.us,211 Cottonwood Way,351-(626)768-6221
Todd,Wagner,twagnerph@exblog.jp,12 Northland Road,55-(473)360-8295
Sarah,Fisher,sfisherpi@people.com.cn,2681 Pennsylvania Center,86-(245)279-6458
Michelle,Mills,mmillspj@alexa.com,9 Artisan Court,1-(913)296-6152
Steven,Griffin,sgriffinpk@barnesandnoble.com,19 Sage Point,996-(300)302-4603
Ruth,Porter,rporterpl@sogou.com,969 Park Meadow Trail,7-(710)936-7764
Dennis,Wallace,dwallacepm@dropbox.com,317 Summerview Plaza,850-(858)873-2165
Sandra,Bailey,sbaileypn@go.com,24859 Birchwood Drive,30-(978)605-9698
Thomas,Hart,thartpo@who.int,969 Randy Plaza,501-(558)157-8355
Dorothy,Rodriguez,drodriguezpp@xing.com,019 Marcy Terrace,995-(736)304-9691
Joan,Meyer,jmeyerpq@jalbum.net,4204 Lukken Alley,33-(762)789-2889
Janet,Peterson,jpetersonpr@loc.gov,8289 Mendota Center,503-(356)144-0423
Larry,Gray,lgrayps@timesonline.co.uk,80 Golden Leaf Drive,1-(214)678-4298
Gregory,Gilbert,ggilbertpt@google.ru,660 East Way,7-(211)735-7188
Phyllis,West,pwestpu@oaic.gov.au,66 Lien Crossing,63-(588)667-7165
Gloria,Morales,gmoralespv@nba.com,4 Commercial Trail,48-(389)351-1429
Carol,Elliott,celliottpw@cnn.com,02 Londonderry Junction,48-(624)567-3408
Michael,Coleman,mcolemanpx@usda.gov,24436 Butterfield Drive,358-(264)562-9198
Andrew,Reynolds,areynoldspy@umich.edu,44438 Service Place,86-(247)426-8091
Marie,Hayes,mhayespz@smh.com.au,98 1st Alley,7-(416)194-0791
William,Jackson,wjacksonq0@behance.net,04332 Porter Plaza,7-(881)464-9912
Emily,Mills,emillsq1@phpbb.com,05204 Bay Place,95-(165)636-8569
Melissa,Thomas,mthomasq2@walmart.com,2280 Northport Hill,30-(926)996-5690
Gary,Jacobs,gjacobsq3@seattletimes.com,3 Colorado Place,86-(637)952-9734
Charles,Bradley,cbradleyq4@dedecms.com,27 Browning Circle,86-(144)127-9296
Christopher,Mccoy,cmccoyq5@github.com,9 Ruskin Parkway,7-(496)199-7973
Samuel,Day,sdayq6@alexa.com,11138 Sugar Street,81-(386)942-3844
Jacqueline,Peters,jpetersq7@ycombinator.com,59287 Tennessee Point,86-(805)828-0591
Debra,Hayes,dhayesq8@ox.ac.uk,08804 Fremont Junction,1-(813)570-7682
Joyce,Medina,jmedinaq9@umich.edu,06 Eastlawn Place,58-(992)466-7693
Denise,Gibson,dgibsonqa@census.gov,9 Graedel Hill,55-(825)987-3622
Melissa,Shaw,mshawqb@tinypic.com,59402 Bellgrove Drive,355-(468)415-1390
Sean,Peters,spetersqc@nationalgeographic.com,24 Spaight Circle,255-(489)885-8820
Clarence,Garrett,cgarrettqd@feedburner.com,1 Spaight Lane,62-(242)141-1315
Irene,Hall,ihallqe@typepad.com,7228 Knutson Trail,86-(673)657-9641
Diana,Crawford,dcrawfordqf@163.com,0289 Coolidge Point,86-(631)837-8937
Gregory,Stevens,gstevensqg@tmall.com,7 Messerschmidt Avenue,46-(958)761-2373
Henry,King,hkingqh@geocities.jp,3 Lakewood Point,54-(714)753-8031
Joseph,Frazier,jfrazierqi@myspace.com,1 Monument Point,7-(667)358-6145
Joan,Sanders,jsandersqj@cocolog-nifty.com,12 Del Sol Point,30-(743)977-0346
Jacqueline,Murphy,jmurphyqk@senate.gov,29 Randy Crossing,31-(509)819-5407
Howard,Adams,hadamsql@yandex.ru,71 Towne Pass,62-(221)348-0019
Helen,Reed,hreedqm@sakura.ne.jp,16 Amoth Avenue,86-(603)627-0222
Brandon,Banks,bbanksqn@rediff.com,26639 Prentice Parkway,357-(243)996-3162
Ruby,Pierce,rpierceqo@netscape.com,824 Esker Lane,64-(326)115-2620
Maria,Shaw,mshawqp@tmall.com,2 Montana Avenue,62-(950)899-8004
Roy,Wright,rwrightqq@sphinn.com,5 4th Road,51-(873)608-2001
Stephen,Hall,shallqr@cafepress.com,26609 Nancy Pass,381-(440)179-1582
Tammy,Owens,towensqs@yandex.ru,5070 Grover Junction,86-(553)599-5233
Elizabeth,Brown,ebrownqt@gizmodo.com,74 Crescent Oaks Hill,81-(648)802-8098
Victor,Wheeler,vwheelerqu@pen.io,1 Derek Pass,86-(623)620-5441
Christine,Little,clittleqv@reuters.com,8886 Alpine Court,7-(514)829-7967
Rachel,Hill,rhillqw@oracle.com,56 Melvin Place,420-(996)146-1947
Anna,Griffin,agriffinqx@blogs.com,81 Jackson Trail,351-(527)214-2794
Rachel,Davis,rdavisqy@taobao.com,542 Thompson Drive,1-(952)639-6395
Jean,Murphy,jmurphyqz@freewebs.com,64 Bluejay Lane,86-(143)281-6553
Rebecca,Gibson,rgibsonr0@infoseek.co.jp,0119 Bluejay Park,62-(688)648-7563
Jeffrey,Gardner,jgardnerr1@parallels.com,5 Westerfield Avenue,82-(186)204-1126
George,Carpenter,gcarpenterr2@washington.edu,58797 Melvin Terrace,62-(197)874-1187
Sharon,Bryant,sbryantr3@pcworld.com,2001 Barnett Trail,1-(502)403-1290
Jerry,Hunter,jhunterr4@reference.com,13 Pierstorff Lane,86-(853)723-4557
Margaret,Fisher,mfisherr5@tamu.edu,15 Longview Drive,86-(181)344-0828
Katherine,Sanders,ksandersr6@biglobe.ne.jp,6 American Drive,62-(239)803-6622
Laura,Fowler,lfowlerr7@yandex.ru,3 Reindahl Court,55-(519)993-7099
Todd,Butler,tbutlerr8@parallels.com,3 Hovde Center,51-(899)220-6389
Mary,Simmons,msimmonsr9@posterous.com,8 Carberry Circle,62-(933)990-6819
Brenda,Meyer,bmeyerra@whitehouse.gov,1 Charing Cross Plaza,60-(370)111-5431
Amanda,Perkins,aperkinsrb@scientificamerican.com,57575 3rd Way,63-(408)186-7243
Barbara,Walker,bwalkerrc@de.vu,8 Vera Way,86-(647)629-7560
Randy,Austin,raustinrd@tinyurl.com,4 Trailsway Lane,506-(689)326-7668
Shawn,Rose,srosere@tamu.edu,35738 Fuller Court,66-(258)164-9793
Sandra,Scott,sscottrf@sohu.com,7 6th Street,62-(248)723-0390
Gerald,Harrison,gharrisonrg@ycombinator.com,253 Surrey Point,7-(450)796-3422
Roy,Murray,rmurrayrh@gnu.org,34 3rd Plaza,58-(303)699-5810
William,Fowler,wfowlerri@gnu.org,5375 Morrow Terrace,992-(616)309-7788
Robin,Alexander,ralexanderrj@reference.com,4 Elmside Alley,351-(995)425-3106
Jane,Brooks,jbrooksrk@yellowbook.com,6 Shopko Alley,86-(727)420-0285
Scott,Roberts,srobertsrl@t.co,22 Sunnyside Lane,353-(788)210-0378
Jesse,Holmes,jholmesrm@baidu.com,48693 6th Circle,62-(937)268-3866
Patricia,Dean,pdeanrn@indiatimes.com,437 Sutteridge Lane,62-(780)411-2932
Barbara,James,bjamesro@ebay.com,4182 Shasta Pass,55-(225)407-7643
Andrea,Dunn,adunnrp@purevolume.com,52776 Warrior Drive,86-(955)138-4488
Deborah,Lawson,dlawsonrq@boston.com,59 Ramsey Circle,1-(721)203-7138
Ralph,Hudson,rhudsonrr@domainmarket.com,96 Farragut Way,48-(698)498-0742
